id;owner;pool_id;position_amountCollectedUSD;position_amountDepositedUSD;position_amountWithdrawnUSD;position_id;position_liquidity;position_withdrawnToken0;position_withdrawnToken1;position_token0.id;position_token1.id;event_amount;event_amount0;event_amount1;event_amountUSD;event_timestamp;price_0;price_1;initialValue;HODLValue;finalValue;event_fees0;event_fees1;lossVersusHODLFees;lossVersusHODLExact;lossVersusHODLEst;weightedDurationSeconds;IL_initial;IL_final;absolute_return;relative_return;IL_total_abs;IL_total_rel;IL_annualized;relativeBurnSize;priceQuotient;IL_formula;IL_formula_total;IL_annualized_total;IL_fees;event_feesUSD;price0_lower;price1_lower;price0_upper;price1_upper
155816#14775282;0xd08f3ad184154db5e614c24314dd505f6795dfe8;0x5777d92f208679db4b9778590fa3cab3ac9e2168;74684.7849;73249.0454;73249.0454;155816;0;73249.04537102960174674;0;0x6b175474e89094c44da98b954eedeac495271d0f;0xa0b86991c6218b36c1d19d4a2e9eb0ce3606eb48;7.325646711423224e+20;73249.0454;0.0;73249.0454;1652554355;1.0;1.0;73249.0454;73249.0454;73249.0454;716.4308;719.3087;1435.7395;0.0;0.0;15265801.0;0.0;0.0;1435.7395;0.0196;0.0;0.0;0.0;1.0;1.0;0.0;0.0;0.0;0.0196;1435.7395;1.0;1.0;1.0002;0.9998
155929#13650473;0xce9cde38b04b7030510190f6a5048808a2e7c7df;0x5777d92f208679db4b9778590fa3cab3ac9e2168;2026907.3687;2012285.4392;2012296.0739;155929;0;707761.219216451670798734;1304534.854709;0x6b175474e89094c44da98b954eedeac495271d0f;0xa0b86991c6218b36c1d19d4a2e9eb0ce3606eb48;1.7785612846671434e+21;21060.3474;423543.1988;444603.5462;1637392077;1.0;1.0;444589.8992;444589.8992;444603.5462;561.3449;619.1208;1194.1128;13.6471;13.6471;79738.5078;0.0;0.0;14621.9294;0.0073;10.581;0.0;0.0122;0.2209;1.0;-0.0;-0.0;0.0027;0.0027;1180.4657;0.9997;1.0003;1.0002;0.9998
155929#13713384;0xce9cde38b04b7030510190f6a5048808a2e7c7df;0x5777d92f208679db4b9778590fa3cab3ac9e2168;2026907.3687;2012285.4392;2012296.0739;155929;0;707761.219216451670798734;1304534.854709;0x6b175474e89094c44da98b954eedeac495271d0f;0xa0b86991c6218b36c1d19d4a2e9eb0ce3606eb48;2.257732073635322e+21;217881.0199;346487.2934;564368.3132;1638255342;1.0;1.0;564369.0127;564369.0127;564368.3132;3621.8427;3627.063;7248.2063;-0.6994;-0.6994;943000.0;-0.0;-0.0;14621.9294;0.0073;10.581;0.0;-0.0;0.2805;1.0;-0.0;-0.0;0.0027;0.0128;7248.9058;0.9997;1.0003;1.0002;0.9998
155929#14502526;0xce9cde38b04b7030510190f6a5048808a2e7c7df;0x5777d92f208679db4b9778590fa3cab3ac9e2168;2026907.3687;2012285.4392;2012296.0739;155929;0;707761.219216451670798734;1304534.854709;0x6b175474e89094c44da98b954eedeac495271d0f;0xa0b86991c6218b36c1d19d4a2e9eb0ce3606eb48;2.006872954342508e+21;277264.825;224398.5759;501663.401;1648845009;1.0;1.0;501662.6146;501662.6146;501663.401;2868.58;2834.7378;5704.1043;0.7864;0.7864;11499852.2887;0.0;0.0;14621.9294;0.0073;10.581;0.0;0.0;0.2493;1.0;-0.0;-0.0;0.0027;0.0114;5703.3178;0.9997;1.0003;1.0002;0.9998
155929#15074219;0xce9cde38b04b7030510190f6a5048808a2e7c7df;0x5777d92f208679db4b9778590fa3cab3ac9e2168;2026907.3687;2012285.4392;2012296.0739;155929;0;707761.219216451670798734;1304534.854709;0x6b175474e89094c44da98b954eedeac495271d0f;0xa0b86991c6218b36c1d19d4a2e9eb0ce3606eb48;8.027491817370034e+20;71150.8641;129513.5355;200664.3996;1656913853;1.0;1.0;200665.813;200665.813;200664.3996;184.2851;205.4888;388.3604;-1.4134;-1.4134;19520445.0;-0.0;-0.0;14621.9294;0.0073;10.581;0.0;-0.0;0.0997;1.0;-0.0;-0.0;0.0027;0.0019;389.7738;0.9997;1.0003;1.0002;0.9998
155929#15353692;0xce9cde38b04b7030510190f6a5048808a2e7c7df;0x5777d92f208679db4b9778590fa3cab3ac9e2168;2026907.3687;2012285.4392;2012296.0739;155929;0;707761.219216451670798734;1304534.854709;0x6b175474e89094c44da98b954eedeac495271d0f;0xa0b86991c6218b36c1d19d4a2e9eb0ce3606eb48;3.973608449598167e+20;38743.5693;60585.2505;99328.8197;1660671311;1.0;1.0;99329.5774;99329.5774;99328.8197;19.6075;17.9823;36.8321;-0.7577;-0.7577;23277903.0;-0.0;-0.0;14621.9294;0.0073;10.581;0.0;-0.0;0.0494;1.0;-0.0;-0.0;0.0027;0.0004;37.5898;0.9997;1.0003;1.0002;0.9998
155929#15934903;0xce9cde38b04b7030510190f6a5048808a2e7c7df;0x5777d92f208679db4b9778590fa3cab3ac9e2168;2026907.3687;2012285.4392;2012296.0739;155929;0;707761.219216451670798734;1304534.854709;0x6b175474e89094c44da98b954eedeac495271d0f;0xa0b86991c6218b36c1d19d4a2e9eb0ce3606eb48;4.0338146382284417e+20;41492.8576;59340.9394;100833.7969;1668026363;1.0;1.0;100834.4965;100834.4965;100833.7969;22.6961;22.2317;44.2283;-0.6995;-0.6995;30632747.3581;-0.0;-0.0;14621.9294;0.0073;10.581;0.0;-0.0;0.0501;1.0;-0.0;-0.0;0.0027;0.0004;44.9278;0.9997;1.0003;1.0002;0.9998
155929#15964316;0xce9cde38b04b7030510190f6a5048808a2e7c7df;0x5777d92f208679db4b9778590fa3cab3ac9e2168;2026907.3687;2012285.4392;2012296.0739;155929;0;707761.219216451670798734;1304534.854709;0x6b175474e89094c44da98b954eedeac495271d0f;0xa0b86991c6218b36c1d19d4a2e9eb0ce3606eb48;4.0338146382284417e+20;40167.736;60666.0612;100833.7972;1668381167;1.0;1.0;100834.0796;100834.0796;100833.7972;3.0844;3.2295;6.0315;-0.2824;-0.2824;30741283.6524;-0.0;-0.0;14621.9294;0.0073;10.581;0.0;-0.0;0.0501;1.0;-0.0;-0.0;0.0027;0.0001;6.3139;0.9997;1.0003;1.0002;0.9998
156278#15075804;0x07499c08287a6cd6514cace69100916c67631dc7;0x5777d92f208679db4b9778590fa3cab3ac9e2168;2159466.1923;2123395.7083;2123347.0196;156278;0;825775.810072928544596934;1297571.209519;0x6b175474e89094c44da98b954eedeac495271d0f;0xa0b86991c6218b36c1d19d4a2e9eb0ce3606eb48;2.123503024845798e+22;825775.8101;1297571.2095;2123347.0196;1656934455;1.0;1.0;2123395.7083;2123395.7083;2123347.0196;18065.9351;18053.2376;36070.484;-48.6887;-48.6887;19229882.5093;-0.0;-0.0;36070.484;0.017;-48.6887;-0.0;-0.0;1.0;1.0;-0.0;-0.0;-0.0;0.017;36119.1727;0.9999;1.0001;1.0001;0.9999
159842#14187521;0x16138817910586ded9176737b23b011376b55169;0x5777d92f208679db4b9778590fa3cab3ac9e2168;67947.2671;67407.7773;67407.3033;159842;0;41585.582904888578368728;25821.720368;0x6b175474e89094c44da98b954eedeac495271d0f;0xa0b86991c6218b36c1d19d4a2e9eb0ce3606eb48;1.3258531487925956e+20;24496.8843;15273.4258;39770.3102;1644618632;1.0;1.0;39770.5886;39770.5886;39770.3102;181.21;179.5125;360.4441;-0.2784;-0.2784;6539474.0;-0.0;-0.0;539.4898;0.008;-0.4741;-0.0;-0.0;0.59;1.0;-0.0;-0.0;-0.0;0.0091;360.7225;0.9998;1.0002;1.0004;0.9996
159842#18847209;0x16138817910586ded9176737b23b011376b55169;0x5777d92f208679db4b9778590fa3cab3ac9e2168;67947.2671;67407.7773;67407.3033;159842;0;41585.582904888578368728;25821.720368;0x6b175474e89094c44da98b954eedeac495271d0f;0xa0b86991c6218b36c1d19d4a2e9eb0ce3606eb48;9.213555779745156e+19;17088.6986;10548.2945;27636.9931;1703318711;1.0;1.0;27637.1887;27637.1887;27636.9931;89.4162;89.8251;179.0457;-0.1956;-0.1956;65239553.0;-0.0;-0.0;539.4898;0.008;-0.4741;-0.0;-0.0;0.41;1.0;-0.0;-0.0;-0.0;0.0065;179.2413;0.9998;1.0002;1.0004;0.9996
160680#16335242;0x443930c2f4a6bea90790f077cae99c35aad0aa48;0x5777d92f208679db4b9778590fa3cab3ac9e2168;1010283.151;1001207.2801;1001207.8881;160680;0;491425.750510873006327848;509782.522317;0x6b175474e89094c44da98b954eedeac495271d0f;0xa0b86991c6218b36c1d19d4a2e9eb0ce3606eb48;1.001306347089584e+21;97458.6238;102782.6356;200241.2594;1672857215;1.0;1.0;200241.3624;200241.3624;200241.2594;4310.7535;4315.9962;8626.6467;-0.103;-0.103;34600620.0;-0.0;-0.0;9075.8708;0.0091;0.608;0.0;-0.0;0.2;1.0;-0.0;-0.0;0.0;0.0431;8626.7497;0.9998;1.0002;1.0002;0.9998
160680#16366594;0x443930c2f4a6bea90790f077cae99c35aad0aa48;0x5777d92f208679db4b9778590fa3cab3ac9e2168;1010283.151;1001207.2801;1001207.8881;160680;0;491425.750510873006327848;509782.522317;0x6b175474e89094c44da98b954eedeac495271d0f;0xa0b86991c6218b36c1d19d4a2e9eb0ce3606eb48;1.5219856475761677e+21;146629.6806;157737.0472;304366.7278;1673235395;1.0;1.0;304366.8709;304366.8709;304366.7278;3.1083;3.5055;6.4706;-0.1431;-0.1431;34978800.0;-0.0;-0.0;9075.8708;0.0091;0.608;0.0;-0.0;0.304;1.0;-0.0;-0.0;0.0;0.0;6.6138;0.9998;1.0002;1.0002;0.9998
160680#16515330;0x443930c2f4a6bea90790f077cae99c35aad0aa48;0x5777d92f208679db4b9778590fa3cab3ac9e2168;1010283.151;1001207.2801;1001207.8881;160680;0;491425.750510873006327848;509782.522317;0x6b175474e89094c44da98b954eedeac495271d0f;0xa0b86991c6218b36c1d19d4a2e9eb0ce3606eb48;2.2349157667039517e+20;19084.688;25609.2142;44693.9022;1675029731;1.0;1.0;44693.8721;44693.8721;44693.9022;30.4821;33.2007;63.7129;0.0301;0.0301;36773136.0;0.0;0.0;9075.8708;0.0091;0.608;0.0;0.0;0.0446;1.0;-0.0;-0.0;0.0;0.0014;63.6828;0.9998;1.0002;1.0002;0.9998
160680#16722136;0x443930c2f4a6bea90790f077cae99c35aad0aa48;0x5777d92f208679db4b9778590fa3cab3ac9e2168;1010283.151;1001207.2801;1001207.8881;160680;0;491425.750510873006327848;509782.522317;0x6b175474e89094c44da98b954eedeac495271d0f;0xa0b86991c6218b36c1d19d4a2e9eb0ce3606eb48;2.4857229805229507e+20;32045.6975;17663.9802;49709.6777;1677532427;1.0;1.0;49709.5177;49709.5177;49709.6777;41.6286;31.5664;73.3549;0.1599;0.1599;39275832.0;0.0;0.0;9075.8708;0.0091;0.608;0.0;0.0;0.0496;1.0;-0.0;-0.0;0.0;0.0015;73.195;0.9998;1.0002;1.0002;0.9998
160680#16843186;0x443930c2f4a6bea90790f077cae99c35aad0aa48;0x5777d92f208679db4b9778590fa3cab3ac9e2168;1010283.151;1001207.2801;1001207.8881;160680;0;491425.750510873006327848;509782.522317;0x6b175474e89094c44da98b954eedeac495271d0f;0xa0b86991c6218b36c1d19d4a2e9eb0ce3606eb48;5.027939665148696e+20;28766.6706;71783.0448;100549.3307;1679003471;1.0;1.0;100548.7891;100548.7891;100549.7153;104.4744;118.9216;223.9362;0.5416;0.9263;40746799.0711;0.0;0.0;9075.8708;0.0091;0.608;0.0;0.0;0.1004;1.0;-0.0;-0.0;0.0;0.0022;223.3946;0.9998;1.0002;1.0002;0.9998
160680#16858278;0x443930c2f4a6bea90790f077cae99c35aad0aa48;0x5777d92f208679db4b9778590fa3cab3ac9e2168;1010283.151;1001207.2801;1001207.8881;160680;0;491425.750510873006327848;509782.522317;0x6b175474e89094c44da98b954eedeac495271d0f;0xa0b86991c6218b36c1d19d4a2e9eb0ce3606eb48;4.977660268497208e+20;40691.3711;58852.0696;99543.4407;1679186567;1.0;1.0;99543.4437;99543.4437;99543.4407;7.5668;3.866;11.4298;-0.003;-0.003;40906663.4438;-0.0;-0.0;9075.8708;0.0091;0.608;0.0;-0.0;0.0994;1.0;-0.0;-0.0;0.0;0.0001;11.4327;0.9998;1.0002;1.0002;0.9998
160680#17060984;0x443930c2f4a6bea90790f077cae99c35aad0aa48;0x5777d92f208679db4b9778590fa3cab3ac9e2168;1010283.151;1001207.2801;1001207.8881;160680;0;491425.750510873006327848;509782.522317;0x6b175474e89094c44da98b954eedeac495271d0f;0xa0b86991c6218b36c1d19d4a2e9eb0ce3606eb48;1.0106158726948878e+21;126749.019;75354.5307;202103.5497;1681666907;1.0;1.0;202103.4241;202103.4241;202103.5497;37.3041;32.8901;70.3198;0.1256;0.1256;43260425.4427;0.0;0.0;9075.8708;0.0091;0.608;0.0;0.0;0.2019;1.0;-0.0;-0.0;0.0;0.0003;70.1942;0.9998;1.0002;1.0002;0.9998
161372#13992173;0x119454fcd0c84b3e44cec59a718848c70987935f;0x5777d92f208679db4b9778590fa3cab3ac9e2168;13556183.9034;13482390.4952;13485409.0312;161372;0;6827507.039382420346796135;6657901.991846;0x6b175474e89094c44da98b954eedeac495271d0f;0xa0b86991c6218b36c1d19d4a2e9eb0ce3606eb48;3.3716781937317877e+22;2543630.0539;4199074.5734;6742704.6274;1642010030;1.0;1.0;6742705.3147;6742705.3147;6742704.6274;25757.0592;25873.8647;51627.9419;-0.6873;-0.6873;3620752.475;-0.0;-0.0;73793.4082;0.0055;16.9877;0.0;-0.0;0.5;1.0;-0.0;-0.0;0.0;0.0077;51628.6292;0.9998;1.0002;1.0002;0.9998
161372#14755636;0x119454fcd0c84b3e44cec59a718848c70987935f;0x5777d92f208679db4b9778590fa3cab3ac9e2168;13556183.9034;13482390.4952;13485409.0312;161372;0;6827507.039382420346796135;6657901.991846;0x6b175474e89094c44da98b954eedeac495271d0f;0xa0b86991c6218b36c1d19d4a2e9eb0ce3606eb48;3.3716781937317877e+22;4283876.9855;2458827.4184;6742704.4039;1652282929;1.0;1.0;6742686.7289;6742686.7289;6742704.4039;9691.9597;9454.2833;19163.918;17.675;17.675;13761633.7978;0.0;0.0;73793.4082;0.0055;16.9877;0.0;0.0;0.5;1.0;-0.0;-0.0;0.0;0.0028;19146.243;0.9998;1.0002;1.0002;0.9998
165422#14956621;0x50afc0702822669dc476b1d5959b85cb93c99b4f;0x5777d92f208679db4b9778590fa3cab3ac9e2168;3605718.7664;3573982.4351;3572258.4048;165422;0;995406.235556779102578832;2578571.047269;0x6b175474e89094c44da98b954eedeac495271d0f;0xa0b86991c6218b36c1d19d4a2e9eb0ce3606eb48;3.574225703572327e+22;995406.2356;2578571.0473;3572258.4048;1655132937;1.0;1.0;3573982.3773;3573982.3773;3573977.2828;16806.0379;16657.9934;31736.3891;-1723.9725;-5.0945;15911891.4223;-0.0005;-0.0005;31736.3313;0.0089;-1723.9725;-0.0005;-0.001;1.0;1.0;-0.0;-0.0;-0.001;0.0089;33460.3616;0.9999;1.0001;1.0001;0.9999
166196#13869809;0x36e83cf0dc2387958ff95c45ae2947ef561847b2;0x5777d92f208679db4b9778590fa3cab3ac9e2168;30935.3708;30894.2322;30889.4113;166196;0;13267.557293603342809809;17626.260616;0x6b175474e89094c44da98b954eedeac495271d0f;0xa0b86991c6218b36c1d19d4a2e9eb0ce3606eb48;3.089611379093773e+20;13267.5573;17626.2606;30889.4113;1640374564;1.0;1.0;30894.2322;30894.2322;30893.8179;23.6784;22.289;41.1387;-4.8209;-0.4142;1051649.2089;-0.0002;-0.0002;41.1387;0.0013;-4.8209;-0.0002;-0.0047;1.0;1.0;-0.0;-0.0;-0.0047;0.0013;45.9595;0.9999;1.0001;1.0001;0.9999
166199#13791185;0x345a8527a0ce2b0875c059bd7be18aa20a688602;0x5777d92f208679db4b9778590fa3cab3ac9e2168;671008.9899;671008.8337;671008.5366;166199;0;97540.413617578653072499;573468.122999;0x6b175474e89094c44da98b954eedeac495271d0f;0xa0b86991c6218b36c1d19d4a2e9eb0ce3606eb48;6.710497935157696e+21;97540.4136;573468.123;671008.5366;1639324051;1.0;1.0;671008.8337;671008.8337;671008.5366;0.4266;0.0267;0.1562;-0.2971;-0.2971;976.2708;-0.0;-0.0;0.1562;0.0;-0.2971;-0.0;-0.0142;1.0;1.0;-0.0;-0.0;-0.0142;0.0;0.4533;0.9999;1.0001;1.0001;0.9999
166971#14968069;0x358854539c78764c3bb2a389fa605ea45d3321dd;0x5777d92f208679db4b9778590fa3cab3ac9e2168;121717.0288;120633.5769;120652.1708;166971;0;32997.507353986063340659;87636.396529;0x6b175474e89094c44da98b954eedeac495271d0f;0xa0b86991c6218b36c1d19d4a2e9eb0ce3606eb48;1.2064226042629018e+21;32997.5074;87636.3965;120652.1708;1655304804;1.0;1.0;120633.5769;120633.5769;120633.9039;532.5613;532.0019;1083.4519;18.594;0.327;15731514.3703;0.0002;0.0002;1083.4519;0.009;18.594;0.0002;0.0003;1.0;1.0;-0.0;-0.0;0.0003;0.009;1064.8579;0.9999;1.0001;1.0001;0.9999
184381#14134407;0xd1f539ef2f9b98f11b136eb6160fab9428289a28;0x5777d92f208679db4b9778590fa3cab3ac9e2168;72719.5072;72596.6074;72596.4077;184381;0;35219.808403730903019725;37376.59933;0x6b175474e89094c44da98b954eedeac495271d0f;0xa0b86991c6218b36c1d19d4a2e9eb0ce3606eb48;3.3882552877075386e+19;4578.7236;5584.7806;10163.5042;1643909893;1.0;1.0;10163.525;10163.525;10163.5042;33.6585;33.0985;66.7362;-0.0208;-0.0208;1282863.0;-0.0;-0.0;122.8997;0.0017;-0.1997;-0.0;-0.0001;0.14;1.0;-0.0;-0.0;-0.0;0.0066;66.7571;0.9997;1.0003;1.0003;0.9997
184381#14931304;0xd1f539ef2f9b98f11b136eb6160fab9428289a28;0x5777d92f208679db4b9778590fa3cab3ac9e2168;72719.5072;72596.6074;72596.4077;184381;0;35219.808403730903019725;37376.59933;0x6b175474e89094c44da98b954eedeac495271d0f;0xa0b86991c6218b36c1d19d4a2e9eb0ce3606eb48;2.081356819591774e+20;30641.0848;31791.8187;62432.9035;1654758906;1.0;1.0;62433.0824;62433.0824;62432.9035;28.4182;27.9242;56.1635;-0.1789;-0.1789;12131876.0;-0.0;-0.0;122.8997;0.0017;-0.1997;-0.0;-0.0;0.86;1.0;-0.0;-0.0;-0.0;0.0009;56.3424;0.9997;1.0003;1.0003;0.9997
189377#15743010;0x78fa0894d6a2426162bea41e68de19770223f809;0x5777d92f208679db4b9778590fa3cab3ac9e2168;299.2111;299.1998;299.1998;189377;0;149.508214667261621381;149.69155;0x6b175474e89094c44da98b954eedeac495271d0f;0xa0b86991c6218b36c1d19d4a2e9eb0ce3606eb48;2.9996334698401864e+16;149.5082;149.6916;299.1998;1665710207;1.0;1.0;299.1998;299.1998;299.1998;0.0056;0.0057;0.0114;-0.0;-0.0;21752083.0;-0.0;-0.0;0.0114;0.0;-0.0;-0.0;-0.0;1.0;1.0;0.0;0.0;-0.0;0.0;0.0114;0.9901;1.01;1.0101;0.99
194248#14833778;0xa2a436c77d0bc69e93e8f4f7c740d09f370aafc9;0x5777d92f208679db4b9778590fa3cab3ac9e2168;1963.6097;1963.1641;1963.1642;194248;0;957.393140970568985954;1005.771105;0x6b175474e89094c44da98b954eedeac495271d0f;0xa0b86991c6218b36c1d19d4a2e9eb0ce3606eb48;1.9637528726430876e+18;957.3931;1005.7711;1963.1642;1653367918;1.0;1.0;1963.1641;1963.1641;1963.1642;0.2236;0.2219;0.4456;0.0001;0.0001;8370044.0;0.0;0.0;0.4456;0.0002;0.0001;0.0;0.0;1.0;1.0;-0.0;-0.0;0.0;0.0002;0.4455;0.999;1.001;1.001;0.999
195519#15049366;0xfef70e41e35bc26cc7251e9dc456853343a929f7;0x5777d92f208679db4b9778590fa3cab3ac9e2168;40.5082;40.4969;40.4969;195519;0;19.856547219331762931;20.640371;0x6b175474e89094c44da98b954eedeac495271d0f;0xa0b86991c6218b36c1d19d4a2e9eb0ce3606eb48;4.050906374054279e+16;19.8565;20.6404;40.4969;1656576226;1.0;1.0;40.4969;40.4969;40.4969;0.0055;0.0058;0.0113;0.0;0.0;11261029.0;0.0;0.0;0.0113;0.0003;0.0;0.0;0.0;1.0;1.0;-0.0;-0.0;0.0;0.0003;0.0113;0.999;1.001;1.001;0.999
197989#17058016;0x970caecc4372ac69b699d13f2bfe210facde3690;0x5777d92f208679db4b9778590fa3cab3ac9e2168;10168.2669;10142.301;10142.3143;197989;0;4421.672233064754991159;5720.642033;0x6b175474e89094c44da98b954eedeac495271d0f;0xa0b86991c6218b36c1d19d4a2e9eb0ce3606eb48;2.535970559820432e+19;4421.6722;5720.642;10142.3143;1681630463;1.0;1.0;10142.301;10142.301;10142.3143;12.9366;13.0161;25.9659;0.0133;0.0133;35649915.0;0.0;0.0;25.9659;0.0026;0.0133;0.0;0.0;1.0;1.0;-0.0;-0.0;0.0;0.0026;25.9527;0.9995;1.0005;1.0003;0.9997
202402#14961065;0xc7557afdb4c2ef7e2a5e68ed60b1f8ac41c87459;0x5777d92f208679db4b9778590fa3cab3ac9e2168;9657.5233;9652.4946;9655.5396;202402;0;4591.346702453573903309;5061.145768;0x6b175474e89094c44da98b954eedeac495271d0f;0xa0b86991c6218b36c1d19d4a2e9eb0ce3606eb48;9.655382073908464e+18;4591.3467;5061.1458;9655.5396;1655199561;1.0;1.0;9652.4946;9652.4946;9652.4925;0.9861;0.9969;5.0286;3.045;-0.0021;8186600.0;0.0003;0.0003;5.0286;0.0005;3.045;0.0003;0.0012;1.0;1.0;-0.0;-0.0;0.0012;0.0005;1.9837;0.999;1.001;1.001;0.999
203772#15633021;0xde0205fbde988adef8835298263d5dc8e2f06d42;0x5777d92f208679db4b9778590fa3cab3ac9e2168;165.9481;165.7102;165.7096;203772;0;79.206910760301959885;86.502707;0x6b175474e89094c44da98b954eedeac495271d0f;0xa0b86991c6218b36c1d19d4a2e9eb0ce3606eb48;8.286308167479457e+17;79.2069;86.5027;165.7096;1664382383;1.0;1.0;165.7102;165.7102;165.7096;0.1181;0.1204;0.2379;-0.0006;-0.0006;17106016.0;-0.0;-0.0;0.2379;0.0014;-0.0006;-0.0;-0.0;1.0;1.0;-0.0;-0.0;-0.0;0.0014;0.2385;0.9998;1.0002;1.0002;0.9998
209285#15109492;0x5c44e637af2e4b6ab49bdab458ebcb26dca1b6bf;0x5777d92f208679db4b9778590fa3cab3ac9e2168;989.258;988.8058;988.806;209285;0;473.861066740085505927;514.944895;0x6b175474e89094c44da98b954eedeac495271d0f;0xa0b86991c6218b36c1d19d4a2e9eb0ce3606eb48;1.9779574790781693e+18;473.8611;514.9449;988.806;1657384283;1.0;1.0;988.8058;988.8058;988.806;0.2201;0.232;0.4522;0.0002;0.0002;9546393.0;0.0;0.0;0.4522;0.0005;0.0002;0.0;0.0;1.0;1.0;-0.0;-0.0;0.0;0.0005;0.4521;0.9995;1.0005;1.0005;0.9995
212143#16332146;0x19c8d2773df01ee536dd4ce1159340429b824238;0x5777d92f208679db4b9778590fa3cab3ac9e2168;19041.2728;19034.475;19034.4649;212143;0;8520.831177556451689474;10513.633751;0x6b175474e89094c44da98b954eedeac495271d0f;0xa0b86991c6218b36c1d19d4a2e9eb0ce3606eb48;1.904022049442783e+19;8520.8312;10513.6338;19034.4649;1672819883;1.0;1.0;19034.475;19034.475;19034.4649;3.3289;3.479;6.7978;-0.01;-0.01;24551397.0;-0.0;-0.0;6.7978;0.0004;-0.01;-0.0;-0.0;1.0;1.0;-0.0;-0.0;-0.0;0.0004;6.8078;0.9989;1.0011;1.0009;0.9991
213667#14664458;0xaf5d6846a4b7c2cdfabebf001382bc9cba4dd266;0x5777d92f208679db4b9778590fa3cab3ac9e2168;1237031.909;1234791.5477;1234787.2477;213667;0;264041.785056613240641372;970745.462637;0x6b175474e89094c44da98b954eedeac495271d0f;0xa0b86991c6218b36c1d19d4a2e9eb0ce3606eb48;1.1938149435716702e+21;81097.0767;276991.3513;358088.428;1651034861;1.0;1.0;358089.5488;358089.5488;358088.428;123.1888;129.7949;251.8629;-1.1208;-1.1208;2582379.0;-0.0;-0.0;2240.3613;0.0018;-4.3;-0.0;-0.0;0.29;1.0;-0.0;-0.0;-0.0;0.0007;252.9837;0.9995;1.0005;1.0001;0.9999
213667#17540536;0xaf5d6846a4b7c2cdfabebf001382bc9cba4dd266;0x5777d92f208679db4b9778590fa3cab3ac9e2168;1237031.909;1234791.5477;1234787.2477;213667;0;264041.785056613240641372;970745.462637;0x6b175474e89094c44da98b954eedeac495271d0f;0xa0b86991c6218b36c1d19d4a2e9eb0ce3606eb48;2.9227883101237443e+21;182944.7084;693754.1113;876698.8197;1687502195;1.0;1.0;876701.9989;876701.9989;876698.8197;988.3883;1003.2894;1988.4984;-3.1792;-3.1792;39049713.0;-0.0;-0.0;2240.3613;0.0018;-4.3;-0.0;-0.0;0.71;1.0;-0.0;-0.0;-0.0;0.0023;1991.6776;0.9995;1.0005;1.0001;0.9999
214064#14724275;0xfb72767b4ace11abd11bb53f6d4a8560ebf1c836;0x5777d92f208679db4b9778590fa3cab3ac9e2168;37274.5904;37253.4093;37271.8273;214064;0;17529.476842693347505196;19723.899608;0x6b175474e89094c44da98b954eedeac495271d0f;0xa0b86991c6218b36c1d19d4a2e9eb0ce3606eb48;3.726462773105033e+19;17529.4768;19723.8996;37271.8273;1651850134;1.0;1.0;37253.4093;37253.4093;37253.3765;1.357;1.4047;21.1811;18.418;-0.0328;3355507.0;0.0005;0.0005;21.1811;0.0006;18.418;0.0005;0.0047;1.0;1.0;-0.0;-0.0;0.0047;0.0006;2.7631;0.9989;1.0011;1.0009;0.9991
216982#14610139;0xe13fa39f1b1f97a20f72005b0c427e74aa147925;0x5777d92f208679db4b9778590fa3cab3ac9e2168;85642.1304;85625.9079;85625.8267;216982;0;38444.786842161735401523;47181.039861;0x6b175474e89094c44da98b954eedeac495271d0f;0xa0b86991c6218b36c1d19d4a2e9eb0ce3606eb48;1.0278204324158298e+19;4770.4853;5504.6137;10275.099;1650298134;1.0;1.0;10275.1089;10275.1089;10275.099;1.2356;1.4019;2.6275;-0.01;-0.01;1318649.0;-0.0;-0.0;16.2226;0.0002;-0.0812;-0.0;-0.0;0.12;1.0;-0.0;-0.0;-0.0;0.0003;2.6375;0.9989;1.0011;1.0009;0.9991
216982#14760641;0xe13fa39f1b1f97a20f72005b0c427e74aa147925;0x5777d92f208679db4b9778590fa3cab3ac9e2168;85642.1304;85625.9079;85625.8267;216982;0;38444.786842161735401523;47181.039861;0x6b175474e89094c44da98b954eedeac495271d0f;0xa0b86991c6218b36c1d19d4a2e9eb0ce3606eb48;9.044819805259304e+18;4347.4018;4694.6916;9042.0934;1652352500;1.0;1.0;9042.0959;9042.0959;9042.0934;2.8492;2.7137;5.5604;-0.0025;-0.0025;3373015.0;-0.0;-0.0;16.2226;0.0002;-0.0812;-0.0;-0.0;0.1056;1.0;-0.0;-0.0;-0.0;0.0006;5.5629;0.9989;1.0011;1.0009;0.9991
216982#14973422;0xe13fa39f1b1f97a20f72005b0c427e74aa147925;0x5777d92f208679db4b9778590fa3cab3ac9e2168;85642.1304;85625.9079;85625.8267;216982;0;38444.786842161735401523;47181.039861;0x6b175474e89094c44da98b954eedeac495271d0f;0xa0b86991c6218b36c1d19d4a2e9eb0ce3606eb48;3.979720714314093e+18;1707.7021;2270.8175;3978.5196;1655384128;1.0;1.0;3978.5222;3978.5222;3978.5196;1.8403;2.3035;4.1412;-0.0026;-0.0026;6404643.0;-0.0;-0.0;16.2226;0.0002;-0.0812;-0.0;-0.0;0.0465;1.0;-0.0;-0.0;-0.0;0.001;4.1438;0.9989;1.0011;1.0009;0.9991
216982#14973428;0xe13fa39f1b1f97a20f72005b0c427e74aa147925;0x5777d92f208679db4b9778590fa3cab3ac9e2168;85642.1304;85625.9079;85625.8267;216982;0;38444.786842161735401523;47181.039861;0x6b175474e89094c44da98b954eedeac495271d0f;0xa0b86991c6218b36c1d19d4a2e9eb0ce3606eb48;3.117447892879373e+18;1337.698;1778.809;3116.507;1655384230;1.0;1.0;3116.509;3116.509;3116.507;0.0;0.0;-0.002;-0.002;-0.002;6404745.0;-0.0;-0.0;16.2226;0.0002;-0.0812;-0.0;-0.0;0.0364;1.0;-0.0;-0.0;-0.0;-0.0;0.0;0.9989;1.0011;1.0009;0.9991
216982#15519541;0xe13fa39f1b1f97a20f72005b0c427e74aa147925;0x5777d92f208679db4b9778590fa3cab3ac9e2168;85642.1304;85625.9079;85625.8267;216982;0;38444.786842161735401523;47181.039861;0x6b175474e89094c44da98b954eedeac495271d0f;0xa0b86991c6218b36c1d19d4a2e9eb0ce3606eb48;5.9231509964708086e+19;26281.4996;32932.1081;59213.6077;1662966029;1.0;1.0;59213.6718;59213.6718;59213.6077;0.0;0.0;-0.0641;-0.0641;-0.0641;13986459.5522;-0.0;-0.0;16.2226;0.0002;-0.0812;-0.0;-0.0;0.6915;1.0;-0.0;-0.0;-0.0;-0.0;0.0;0.9989;1.0011;1.0009;0.9991
222526#14780276;0x6b592b13759d983973388fad31e41755f54017cc;0x5777d92f208679db4b9778590fa3cab3ac9e2168;10364.4794;10359.7836;10359.7735;222526;0;5081.59400824635169115;5278.179533;0x6b175474e89094c44da98b954eedeac495271d0f;0xa0b86991c6218b36c1d19d4a2e9eb0ce3606eb48;5.180404536340086e+19;5081.594;5278.1795;10359.7735;1652622121;1.0;1.0;10359.7836;10359.7836;10359.7735;2.3134;2.3925;4.6958;-0.0101;-0.0101;2382481.0;-0.0;-0.0;4.6958;0.0005;-0.0101;-0.0;-0.0;1.0;1.0;-0.0;-0.0;-0.0;0.0005;4.7059;0.9998;1.0002;1.0002;0.9998
222840#14796861;0x01c2a9d41ddb3e6102e2b70086d00c04c50ade17;0x5777d92f208679db4b9778590fa3cab3ac9e2168;359.8379;359.6667;359.6666;222840;0;162.309127112940220766;197.357486;0x6b175474e89094c44da98b954eedeac495271d0f;0xa0b86991c6218b36c1d19d4a2e9eb0ce3606eb48;1.7985118159885878e+18;162.3091;197.3575;359.6666;1652849682;1.0;1.0;359.6667;359.6667;359.6666;0.0837;0.0876;0.1712;-0.0001;-0.0001;2551118.0;-0.0;-0.0;0.1712;0.0005;-0.0001;-0.0;-0.0;1.0;1.0;-0.0;-0.0;-0.0;0.0005;0.1713;0.9998;1.0002;1.0002;0.9998
223063#14632376;0xd730cd62cda9cfdc109be2d819b0337fafdca959;0x5777d92f208679db4b9778590fa3cab3ac9e2168;269775.3235;269783.7129;269773.3906;223063;0;119501.920970722447086236;150281.788033;0x6b175474e89094c44da98b954eedeac495271d0f;0xa0b86991c6218b36c1d19d4a2e9eb0ce3606eb48;2.1304950262950923e+20;90250.1502;112087.6522;202327.4839;1650599332;1.0;1.0;202337.7847;202337.7847;202337.8024;0.546;0.491;-9.2639;-10.3008;0.0177;253637.0;-0.0001;-0.0001;-8.3894;-0.0;-10.3224;-0.0;-0.0063;0.75;1.0;-0.0;-0.0;-0.0047;-0.0;1.0369;0.9989;1.0011;1.0008;0.9992
223063#14693210;0xd730cd62cda9cfdc109be2d819b0337fafdca959;0x5777d92f208679db4b9778590fa3cab3ac9e2168;269775.3235;269783.7129;269773.3906;223063;0;119501.920970722447086236;150281.788033;0x6b175474e89094c44da98b954eedeac495271d0f;0xa0b86991c6218b36c1d19d4a2e9eb0ce3606eb48;7.101650087650307e+19;29251.7708;38194.1358;67445.9066;1651425249;1.0;1.0;67445.9282;67445.9282;67445.9066;0.4106;0.4855;0.8745;-0.0216;-0.0216;1079554.0;-0.0;-0.0;-8.3894;-0.0;-10.3224;-0.0;-0.0;0.25;1.0;-0.0;-0.0;-0.0047;0.0;0.8961;0.9989;1.0011;1.0008;0.9992
223300#16898046;0x6e83f03becefac2623564ee8f9983ff76d67a556;0x5777d92f208679db4b9778590fa3cab3ac9e2168;899.4359;896.3837;896.3803;223300;0;387.288544365041418328;509.095181;0x6b175474e89094c44da98b954eedeac495271d0f;0xa0b86991c6218b36c1d19d4a2e9eb0ce3606eb48;8.96654449800196e+17;387.2885;509.0952;896.3803;1679669219;1.0;1.0;896.3837;896.3837;896.3837;1.5233;1.5322;3.0522;-0.0034;0.0;29264623.0;-0.0;-0.0;3.0522;0.0034;-0.0034;-0.0;-0.0;1.0;1.0;0.0;0.0;-0.0;0.0034;3.0556;0.9989;1.0011;1.0009;0.9991
224894#14726634;0x942d1ee3e36d82013b2cf49f725f36b502142fd5;0x5777d92f208679db4b9778590fa3cab3ac9e2168;9499.6265;9499.4527;9499.4463;224894;0;4469.870851994710374513;5029.57543;0x6b175474e89094c44da98b954eedeac495271d0f;0xa0b86991c6218b36c1d19d4a2e9eb0ce3606eb48;9.502315311423328e+18;4469.8709;5029.5754;9499.4463;1651882687;1.0;1.0;9499.4475;9499.4475;9499.4463;0.0894;0.0908;0.179;-0.0012;-0.0012;1125257.0;-0.0;-0.0;0.1738;0.0;-0.0012;-0.0;-0.0;1.0;1.0;-0.0;-0.0;-0.0;0.0;0.1802;0.9989;1.0011;1.0009;0.9991
226333#14987182;0x683a42e5b414ae5cf79ece7e369ca5937fdcdc11;0x5777d92f208679db4b9778590fa3cab3ac9e2168;24844.0832;24822.6077;24822.6135;226333;0;5467.869394411969462829;19354.744104;0x6b175474e89094c44da98b954eedeac495271d0f;0xa0b86991c6218b36c1d19d4a2e9eb0ce3606eb48;1.654988196133071e+20;5467.8694;19354.7441;24822.6135;1655587541;1.0;1.0;24822.6077;24822.6077;24822.6135;10.2976;11.1721;21.4755;0.0058;0.0058;4574084.0;0.0;0.0;21.4755;0.0009;0.0058;0.0;0.0;1.0;1.0;-0.0;-0.0;0.0;0.0009;21.4697;0.9998;1.0002;1.0001;0.9999
226612#14941305;0x48c89d77ae34ae475e4523b25ab01e363dce5a78;0x5777d92f208679db4b9778590fa3cab3ac9e2168;3766.1304;3765.3395;3765.338;226612;0;1471.136842549764384938;2294.201199;0x6b175474e89094c44da98b954eedeac495271d0f;0xa0b86991c6218b36c1d19d4a2e9eb0ce3606eb48;7.532029136420279e+18;1471.1368;2294.2012;3765.338;1654906223;1.0;1.0;3765.3395;3765.3395;3765.338;0.3918;0.4005;0.7909;-0.0015;-0.0015;3834660.0;-0.0;-0.0;0.7909;0.0002;-0.0015;-0.0;-0.0;1.0;1.0;-0.0;-0.0;-0.0;0.0002;0.7924;0.9994;1.0006;1.0004;0.9996
228404#14710907;0x92c48a51df43e0ec3ebc1a53d0e6f8d40f5bacac;0x5777d92f208679db4b9778590fa3cab3ac9e2168;375327.0882;375182.4795;375325.309;228404;0;176565.830116340296449108;198759.478899;0x6b175474e89094c44da98b954eedeac495271d0f;0xa0b86991c6218b36c1d19d4a2e9eb0ce3606eb48;3.7543866654553014e+20;176565.8301;198759.4789;375325.309;1651666874;1.0;1.0;375325.2594;375325.2594;375325.309;0.962;0.8172;1.8289;0.0497;0.0497;315011.0;0.0;0.0;144.6087;0.0004;0.0497;0.0;0.0;1.0;1.0;-0.0;-0.0;0.0;0.0;1.7792;0.9989;1.0011;1.0009;0.9991
233208#14737041;0xe09568554ba1820af4cf5dbacbc4db1575167452;0x5777d92f208679db4b9778590fa3cab3ac9e2168;510.8327;510.8319;510.8318;233208;0;197.595471116477033774;313.236322;0x6b175474e89094c44da98b954eedeac495271d0f;0xa0b86991c6218b36c1d19d4a2e9eb0ce3606eb48;5.3788079168545894e+17;197.5955;313.2363;510.8318;1652026242;1.0;1.0;510.8319;510.8319;510.8318;0.0004;0.0006;0.0009;-0.0001;-0.0001;89746.0;-0.0;-0.0;0.0009;0.0;-0.0001;-0.0;-0.0001;1.0;1.0;-0.0;-0.0;-0.0001;0.0;0.0009;0.9988;1.0012;1.0007;0.9993
234127#16962040;0x6ac41cb0d3563d20ca25b53382bb5ce1f5cfc5c5;0x5777d92f208679db4b9778590fa3cab3ac9e2168;302.1493;301.1259;301.1259;234127;0;138.690376001050840294;162.435504;0x6b175474e89094c44da98b954eedeac495271d0f;0xa0b86991c6218b36c1d19d4a2e9eb0ce3606eb48;3.012169125174012e+17;138.6904;162.4355;301.1259;1680446183;1.0;1.0;301.1259;301.1259;301.1259;0.5107;0.5128;1.0234;-0.0001;-0.0001;28459799.0;-0.0;-0.0;1.0234;0.0034;-0.0001;-0.0;-0.0;1.0;1.0;-0.0;-0.0;-0.0;0.0034;1.0234;0.9989;1.0011;1.0009;0.9991
234127#16962040;0x6ac41cb0d3563d20ca25b53382bb5ce1f5cfc5c5;0x5777d92f208679db4b9778590fa3cab3ac9e2168;302.1493;301.1259;301.1259;234127;0;138.690376001050840294;162.435504;0x6b175474e89094c44da98b954eedeac495271d0f;0xa0b86991c6218b36c1d19d4a2e9eb0ce3606eb48;3.012169125174012e+17;138.6904;162.4355;301.1259;1680446183;1.0;1.0;301.1259;301.1259;301.1259;0.5107;0.5128;1.0234;-0.0001;-0.0001;28459799.0;-0.0;-0.0;1.0234;0.0034;-0.0001;-0.0;-0.0;1.0;1.0;-0.0;-0.0;-0.0;0.0034;1.0234;0.9989;1.0011;1.0009;0.9991
235763#14785859;0x9f049fd537cf360a7189a82d628475ea654dc425;0x5777d92f208679db4b9778590fa3cab3ac9e2168;1150.1843;1150.1126;1150.1123;235763;0;517.293607138579365031;632.818731;0x6b175474e89094c44da98b954eedeac495271d0f;0xa0b86991c6218b36c1d19d4a2e9eb0ce3606eb48;1.1504601176667052e+18;517.2936;632.8187;1150.1123;1652698957;1.0;1.0;1150.1126;1150.1126;1150.1123;0.035;0.037;0.0717;-0.0003;-0.0003;670091.0;-0.0;-0.0;0.0717;0.0001;-0.0003;-0.0;-0.0;1.0;1.0;-0.0;-0.0;-0.0;0.0001;0.072;0.9989;1.0011;1.0009;0.9991
236234#14804062;0x5638a1eac0aecf84ba70ba91b6637b1d8d18884e;0x5777d92f208679db4b9778590fa3cab3ac9e2168;293.5027;293.4049;293.4048;236234;0;133.562118868399106673;159.842635;0x6b175474e89094c44da98b954eedeac495271d0f;0xa0b86991c6218b36c1d19d4a2e9eb0ce3606eb48;1.4671697134309215e+18;133.5621;159.8426;293.4048;1652950504;1.0;1.0;293.4049;293.4049;293.4048;0.0472;0.0507;0.0977;-0.0002;-0.0002;880447.0;-0.0;-0.0;0.0977;0.0003;-0.0002;-0.0;-0.0;1.0;1.0;-0.0;-0.0;-0.0;0.0003;0.0979;0.9998;1.0002;1.0002;0.9998
237219#14753802;0x71be2d26bd69d20e977cd0ba0cc55e57003414c0;0x5777d92f208679db4b9778590fa3cab3ac9e2168;11888.782;11888.7141;11888.7155;237219;0;5605.778103384480472545;6282.937426;0x6b175474e89094c44da98b954eedeac495271d0f;0xa0b86991c6218b36c1d19d4a2e9eb0ce3606eb48;1.189230570852374e+19;5605.7781;6282.9374;11888.7155;1652257612;1.0;1.0;11888.7141;11888.7141;11888.7155;0.0352;0.0313;0.0679;0.0015;0.0015;43601.0;0.0;0.0;0.0679;0.0;0.0015;0.0;0.0001;1.0;1.0;-0.0;-0.0;0.0001;0.0;0.0665;0.9989;1.0011;1.0009;0.9991
237224#14769680;0x16ffa5aea03b7d540438689f06b9404e01691b34;0x5777d92f208679db4b9778590fa3cab3ac9e2168;2299.8021;2298.4142;2299.3827;237224;0;931.090082735633548243;1368.292659;0x6b175474e89094c44da98b954eedeac495271d0f;0xa0b86991c6218b36c1d19d4a2e9eb0ce3606eb48;9.198586323195715e+18;931.0901;1368.2927;2299.3827;1652476058;1.0;1.0;2299.3853;2299.3853;2299.3827;0.2023;0.2171;0.4168;-0.0026;-0.0026;261281.0;-0.0;-0.0;1.3879;0.0006;-0.0026;-0.0;-0.0001;1.0;1.0;-0.0;-0.0;-0.0001;0.0002;0.4194;0.9997;1.0003;1.0002;0.9998
237893#15208664;0x22dc297cdd314f4c47422f4ab7b6218316af291d;0x5777d92f208679db4b9778590fa3cab3ac9e2168;327693.1272;327605.9848;327599.8359;237893;0;0;327599.835853;0x6b175474e89094c44da98b954eedeac495271d0f;0xa0b86991c6218b36c1d19d4a2e9eb0ce3606eb48;3.2763216273543125e+21;0.0;327599.8359;327599.8359;1658710811;1.0;1.0;327605.9848;327605.9848;327599.8359;39.4575;53.8338;87.1424;-6.1489;-6.1489;6373866.0;-0.0;-0.0;87.1424;0.0003;-6.1489;-0.0;-0.0001;1.0;1.0;-0.0;-0.0;-0.0001;0.0003;93.2913;0.9998;1.0002;1.0;1.0
238026#14939000;0x8c9a66c5b517b38ca0b258c08b1a6196e70d4ef0;0x5777d92f208679db4b9778590fa3cab3ac9e2168;36422.3152;36421.6554;36421.6555;238026;0;17251.725661588239411162;19169.929811;0x6b175474e89094c44da98b954eedeac495271d0f;0xa0b86991c6218b36c1d19d4a2e9eb0ce3606eb48;1.822086662340624e+19;17251.7257;19169.9298;36421.6555;1654872326;1.0;1.0;36421.6554;36421.6554;36421.6555;0.3301;0.3297;0.6598;0.0001;0.0001;2507005.0;0.0;0.0;0.6598;0.0;0.0001;0.0;0.0;1.0;1.0;0.0;0.0;0.0;0.0;0.6598;0.9979;1.0021;1.0019;0.9981
238379#14767280;0x67a72d01923ae89edc7c7ae816348ef1e57e42d7;0x5777d92f208679db4b9778590fa3cab3ac9e2168;710.7318;710.7268;710.7269;238379;0;378.67503072369110232;332.051873;0x6b175474e89094c44da98b954eedeac495271d0f;0xa0b86991c6218b36c1d19d4a2e9eb0ce3606eb48;3.5539894269625426e+18;378.675;332.0519;710.7269;1652443735;1.0;1.0;710.7268;710.7268;710.7269;0.0034;0.0015;0.005;0.0001;0.0001;29584.0;0.0;0.0;0.005;0.0;0.0001;0.0;0.0001;1.0;1.0;-0.0;-0.0;0.0001;0.0;0.0049;0.9998;1.0002;1.0002;0.9998
238477#14770473;0xcef13daa45ca6ca8b1af80e20280c7e5f6016b3c;0x5777d92f208679db4b9778590fa3cab3ac9e2168;63032.9399;63032.854;63032.854;238477;0;29986.331885816057943142;33046.522155;0x6b175474e89094c44da98b954eedeac495271d0f;0xa0b86991c6218b36c1d19d4a2e9eb0ce3606eb48;3.1533800995409805e+19;29986.3319;33046.5222;63032.854;1652486759;1.0;1.0;63032.854;63032.854;63032.854;0.0424;0.0435;0.0859;-0.0;-0.0;59968.0;-0.0;-0.0;0.0859;0.0;-0.0;-0.0;-0.0;1.0;1.0;0.0;0.0;-0.0;0.0;0.0859;0.9979;1.0021;1.0019;0.9981
239092#14779733;0xfea350f9c980a1c73429459a10913db29c31e277;0x5777d92f208679db4b9778590fa3cab3ac9e2168;2864.4604;2864.4315;2864.4317;239092;0;915.179349255134851758;1949.252318;0x6b175474e89094c44da98b954eedeac495271d0f;0xa0b86991c6218b36c1d19d4a2e9eb0ce3606eb48;1.9097951933596234e+19;915.1793;1949.2523;2864.4317;1652614598;1.0;1.0;2864.4315;2864.4315;2864.4317;0.0101;0.0186;0.029;0.0002;0.0002;83460.0;0.0;0.0;0.029;0.0;0.0002;0.0;0.0;1.0;1.0;-0.0;-0.0;0.0;0.0;0.0288;0.9998;1.0002;1.0001;0.9999
239093#14779738;0xfea350f9c980a1c73429459a10913db29c31e277;0x5777d92f208679db4b9778590fa3cab3ac9e2168;1953.797;1953.7822;1953.7823;239093;0;956.608527197148016164;997.173759;0x6b175474e89094c44da98b954eedeac495271d0f;0xa0b86991c6218b36c1d19d4a2e9eb0ce3606eb48;9.769887848378851e+18;956.6085;997.1738;1953.7823;1652614618;1.0;1.0;1953.7822;1953.7822;1953.7823;0.0052;0.0095;0.0148;0.0001;0.0001;83480.0;0.0;0.0;0.0148;0.0;0.0001;0.0;0.0;1.0;1.0;-0.0;-0.0;0.0;0.0;0.0147;0.9998;1.0002;1.0002;0.9998
239216#14797574;0x65653ae4ddf7939fd17c7dbc7c3557d7c2d6ac4a;0x5777d92f208679db4b9778590fa3cab3ac9e2168;202.4243;202.4239;202.4239;239216;0;96.914956423702492278;105.508959;0x6b175474e89094c44da98b954eedeac495271d0f;0xa0b86991c6218b36c1d19d4a2e9eb0ce3606eb48;5.129981498988208e+16;96.915;105.509;202.4239;1652859612;1.0;1.0;202.4239;202.4239;202.4239;0.0001;0.0002;0.0004;0.0;0.0;308814.0;0.0;0.0;0.0004;0.0;0.0;0.0;0.0;1.0;1.0;0.0;0.0;0.0;0.0;0.0004;0.9959;1.0041;1.0038;0.9962
240055#14783500;0x9647a2d17abeac666c8ba0b227ab72dfd4bda22a;0x5777d92f208679db4b9778590fa3cab3ac9e2168;172221.8531;172221.653;172221.6563;240055;0;67603.964718715141352765;104617.691593;0x6b175474e89094c44da98b954eedeac495271d0f;0xa0b86991c6218b36c1d19d4a2e9eb0ce3606eb48;3.445052064493367e+20;67603.9647;104617.6916;172221.6563;1652666212;1.0;1.0;172221.653;172221.653;172221.6563;0.0799;0.117;0.2002;0.0034;0.0034;29730.0;0.0;0.0;0.2002;0.0;0.0034;0.0;0.0;1.0;1.0;-0.0;-0.0;0.0;0.0;0.1968;0.9994;1.0006;1.0004;0.9996
240207#14786751;0x318ae0e7348e5dea35d1b3c581c7a0cb5704da25;0x5777d92f208679db4b9778590fa3cab3ac9e2168;100805.3663;100805.2754;100805.2727;240207;0;50411.568345949242789162;50393.704351;0x6b175474e89094c44da98b954eedeac495271d0f;0xa0b86991c6218b36c1d19d4a2e9eb0ce3606eb48;1.0083551631845373e+20;50411.5683;50393.7044;100805.2727;1652711010;1.0;1.0;100805.2754;100805.2754;100805.2727;0.0674;0.0262;0.0909;-0.0027;-0.0027;55755.0;-0.0;-0.0;0.0909;0.0;-0.0027;-0.0;-0.0;1.0;1.0;0.0;0.0;-0.0;0.0;0.0936;0.999;1.001;1.001;0.999
240583#14804756;0xdb4150d8c513c866f7713906b03e4516cc9620df;0x5777d92f208679db4b9778590fa3cab3ac9e2168;96720.1455;96714.5666;96714.6621;240583;0;39900.77836620789243777;56813.883703;0x6b175474e89094c44da98b954eedeac495271d0f;0xa0b86991c6218b36c1d19d4a2e9eb0ce3606eb48;9.672181930823529e+20;39900.7784;56813.8837;96714.6621;1652960418;1.0;1.0;96714.5666;96714.5666;96714.6621;2.3321;3.1513;5.5789;0.0955;0.0955;260481.0;0.0;0.0;5.5789;0.0001;0.0955;0.0;0.0001;1.0;1.0;-0.0;-0.0;0.0001;0.0001;5.4834;0.9999;1.0001;1.0001;0.9999
240693#14823431;0xde7a5c07c156695b3467fb18a22d3711d813ac26;0x5777d92f208679db4b9778590fa3cab3ac9e2168;10776.1752;10776.5074;10776.0354;240693;0;4717.559863954101096091;6058.475512;0x6b175474e89094c44da98b954eedeac495271d0f;0xa0b86991c6218b36c1d19d4a2e9eb0ce3606eb48;1.6168937912303631e+18;706.4666;909.9387;1616.4053;1653223024;1.0;1.0;1616.405;1616.405;1616.4053;0.0418;0.0476;0.0897;0.0003;0.0003;508116.0;0.0;0.0;-0.3322;-0.0;0.002;0.0;0.0;0.15;1.0;-0.0;-0.0;0.0;0.0001;0.0894;0.9989;1.0011;1.0009;0.9991
240693#14843156;0xde7a5c07c156695b3467fb18a22d3711d813ac26;0x5777d92f208679db4b9778590fa3cab3ac9e2168;10776.1752;10776.5074;10776.0354;240693;0;4717.559863954101096091;6058.475512;0x6b175474e89094c44da98b954eedeac495271d0f;0xa0b86991c6218b36c1d19d4a2e9eb0ce3606eb48;2.290599537576348e+18;1007.6375;1282.2699;2289.9074;1653499754;1.0;1.0;2289.9071;2289.9071;2289.9074;0.0087;0.0059;0.0148;0.0003;0.0003;784846.0;0.0;0.0;-0.3322;-0.0;0.002;0.0;0.0;0.2125;1.0;-0.0;-0.0;0.0;0.0;0.0145;0.9989;1.0011;1.0009;0.9991
240693#14862896;0xde7a5c07c156695b3467fb18a22d3711d813ac26;0x5777d92f208679db4b9778590fa3cab3ac9e2168;10776.1752;10776.5074;10776.0354;240693;0;4717.559863954101096091;6058.475512;0x6b175474e89094c44da98b954eedeac495271d0f;0xa0b86991c6218b36c1d19d4a2e9eb0ce3606eb48;2.7487194450916173e+18;1198.8118;1549.0773;2747.8891;1653777050;1.0;1.0;2747.8885;2747.8885;2747.8891;0.0143;0.0169;0.0318;0.0006;0.0006;1062142.0;0.0;0.0;-0.3322;-0.0;0.002;0.0;0.0;0.255;1.0;-0.0;-0.0;0.0;0.0;0.0312;0.9989;1.0011;1.0009;0.9991
240693#14872160;0xde7a5c07c156695b3467fb18a22d3711d813ac26;0x5777d92f208679db4b9778590fa3cab3ac9e2168;10776.1752;10776.5074;10776.0354;240693;0;4717.559863954101096091;6058.475512;0x6b175474e89094c44da98b954eedeac495271d0f;0xa0b86991c6218b36c1d19d4a2e9eb0ce3606eb48;4.123079167637426e+18;1804.6439;2317.1896;4121.8335;1653908226;1.0;1.0;4121.8328;4121.8328;4121.8335;0.0027;0.002;0.0055;0.0007;0.0007;1193318.0;0.0;0.0;-0.3322;-0.0;0.002;0.0;0.0;0.3825;1.0;-0.0;-0.0;0.0;0.0;0.0048;0.9989;1.0011;1.0009;0.9991
240701#14798925;0x3f1b8bc4a73b5a65e420076ecb8690f0eab78ec4;0x5777d92f208679db4b9778590fa3cab3ac9e2168;399.3488;399.3481;399.3481;240701;0;198.012922984749525245;201.335206;0x6b175474e89094c44da98b954eedeac495271d0f;0xa0b86991c6218b36c1d19d4a2e9eb0ce3606eb48;1.997838928653166e+17;198.0129;201.3352;399.3481;1652877999;1.0;1.0;399.3481;399.3481;399.3481;0.0003;0.0003;0.0006;-0.0;-0.0;162150.0;-0.0;-0.0;0.0006;0.0;-0.0;-0.0;-0.0;1.0;1.0;-0.0;-0.0;-0.0;0.0;0.0006;0.998;1.002;1.002;0.998
241604#14890183;0x05f2c5201880af187482d71de2c6b3ccf58ed918;0x5777d92f208679db4b9778590fa3cab3ac9e2168;461.6516;461.644;461.645;241604;0;226.011571273610970689;235.633413;0x6b175474e89094c44da98b954eedeac495271d0f;0xa0b86991c6218b36c1d19d4a2e9eb0ce3606eb48;4.198136022260458e+17;226.0116;235.6334;461.645;1654162051;1.0;1.0;461.645;461.645;461.645;0.0034;0.0032;0.0066;0.0;0.0;1290074.0;0.0;0.0;0.0076;0.0;0.0;0.0;0.0;1.0;1.0;-0.0;-0.0;0.0;0.0;0.0066;0.9989;1.0011;1.0011;0.9989
242190#14858620;0x258d9aef9184d9e21f9b882e243c42fac1466a59;0x5777d92f208679db4b9778590fa3cab3ac9e2168;78827.0363;78822.4056;78822.4905;242190;0;18538.680499286647744329;60283.809977;0x6b175474e89094c44da98b954eedeac495271d0f;0xa0b86991c6218b36c1d19d4a2e9eb0ce3606eb48;5.255303118146135e+20;18538.6805;60283.81;78822.4905;1653717956;1.0;1.0;78822.4056;78822.4056;78822.4905;2.3135;2.2323;4.6307;0.0849;0.0849;753297.0;0.0;0.0;4.6307;0.0001;0.0849;0.0;0.0;1.0;1.0;-0.0;-0.0;0.0;0.0001;4.5459;0.9998;1.0002;1.0001;0.9999
242331#14984737;0x3136a49872e77e9a0e1dcab5163275a00fb1f169;0x5777d92f208679db4b9778590fa3cab3ac9e2168;27084.6939;27019.3439;26985.2645;242331;0;13417.470184026949119582;13601.867132;0x6b175474e89094c44da98b954eedeac495271d0f;0xa0b86991c6218b36c1d19d4a2e9eb0ce3606eb48;4.046333769446557e+18;1957.8991;2087.2223;4045.1214;1655551980;1.0;1.0;4045.1205;4045.1205;4045.1214;0.08;0.0909;0.1717;0.0009;0.0009;2564083.0;0.0;0.0;65.35;0.0024;-34.0794;-0.0013;0.0;0.1499;1.0;-0.0;-0.0;-0.0008;0.0;0.1709;0.999;1.001;1.001;0.999
242331#19473337;0x3136a49872e77e9a0e1dcab5163275a00fb1f169;0x5777d92f208679db4b9778590fa3cab3ac9e2168;27084.6939;27019.3439;26985.2645;242331;0;13417.470184026949119582;13601.867132;0x6b175474e89094c44da98b954eedeac495271d0f;0xa0b86991c6218b36c1d19d4a2e9eb0ce3606eb48;2.2981108578311303e+19;11459.5711;11514.6448;22940.1432;1710906503;1.0;1.0;22974.2234;22974.2234;22974.216;49.6439;49.6147;65.1783;-34.0802;-0.0074;51728763.0;-0.0015;-0.0015;65.35;0.0024;-34.0794;-0.0013;-0.0009;0.8501;1.0;-0.0;-0.0;-0.0008;0.0028;99.2585;0.999;1.001;1.001;0.999
242331#14984737;0x3136a49872e77e9a0e1dcab5163275a00fb1f169;0x5777d92f208679db4b9778590fa3cab3ac9e2168;27084.6939;27019.3439;26985.2645;242331;0;13417.470184026949119582;13601.867132;0x6b175474e89094c44da98b954eedeac495271d0f;0xa0b86991c6218b36c1d19d4a2e9eb0ce3606eb48;4.046333769446557e+18;1957.8991;2087.2223;4045.1214;1655551980;1.0;1.0;4045.1205;4045.1205;4045.1214;0.08;0.0909;0.1717;0.0009;0.0009;2564083.0;0.0;0.0;65.35;0.0024;-34.0794;-0.0013;0.0;0.1499;1.0;-0.0;-0.0;-0.0008;0.0;0.1709;0.999;1.001;1.001;0.999
242331#19473337;0x3136a49872e77e9a0e1dcab5163275a00fb1f169;0x5777d92f208679db4b9778590fa3cab3ac9e2168;27084.6939;27019.3439;26985.2645;242331;0;13417.470184026949119582;13601.867132;0x6b175474e89094c44da98b954eedeac495271d0f;0xa0b86991c6218b36c1d19d4a2e9eb0ce3606eb48;2.2981108578311303e+19;11459.5711;11514.6448;22940.1432;1710906503;1.0;1.0;22974.2234;22974.2234;22974.216;49.6439;49.6147;65.1783;-34.0802;-0.0074;51728763.0;-0.0015;-0.0015;65.35;0.0024;-34.0794;-0.0013;-0.0009;0.8501;1.0;-0.0;-0.0;-0.0008;0.0028;99.2585;0.999;1.001;1.001;0.999
242410#14840340;0x8c3276be2c9c3136ea9851905ca1707e812a3018;0x5777d92f208679db4b9778590fa3cab3ac9e2168;2032652.8717;2032795.2469;2032609.9713;242410;0;995389.694420773912623502;1037405.609792;0x6b175474e89094c44da98b954eedeac495271d0f;0xa0b86991c6218b36c1d19d4a2e9eb0ce3606eb48;1.0162161278924136e+21;498131.4078;517780.0473;1015911.4551;1653460227;1.0;1.0;1015911.4186;1015911.4186;1015911.4551;2.1896;1.5779;3.8041;0.0365;0.0365;457342.0;0.0;0.0;-142.3751;-0.0001;-185.2756;-0.0001;0.0;0.4998;1.0;-0.0;-0.0;-0.0016;0.0;3.7676;0.999;1.001;1.001;0.999
242410#15016335;0x8c3276be2c9c3136ea9851905ca1707e812a3018;0x5777d92f208679db4b9778590fa3cab3ac9e2168;2032652.8717;2032795.2469;2032609.9713;242410;0;995389.694420773912623502;1037405.609792;0x6b175474e89094c44da98b954eedeac495271d0f;0xa0b86991c6218b36c1d19d4a2e9eb0ce3606eb48;1.0171887820347664e+21;497258.2866;519625.5625;1016698.5162;1656041878;1.0;1.0;1016883.8283;1016883.8283;1016883.8491;17.7202;21.4193;-146.1792;-185.3121;0.0208;1819372.0;-0.0002;-0.0002;-142.3751;-0.0001;-185.2756;-0.0001;-0.0032;0.5002;1.0;0.0;-0.0;-0.0016;-0.0001;39.1329;0.999;1.001;1.001;0.999
242410#14840340;0x8c3276be2c9c3136ea9851905ca1707e812a3018;0x5777d92f208679db4b9778590fa3cab3ac9e2168;2032652.8717;2032795.2469;2032609.9713;242410;0;995389.694420773912623502;1037405.609792;0x6b175474e89094c44da98b954eedeac495271d0f;0xa0b86991c6218b36c1d19d4a2e9eb0ce3606eb48;1.0162161278924136e+21;498131.4078;517780.0473;1015911.4551;1653460227;1.0;1.0;1015911.4186;1015911.4186;1015911.4551;2.1896;1.5779;3.8041;0.0365;0.0365;457342.0;0.0;0.0;-142.3751;-0.0001;-185.2756;-0.0001;0.0;0.4998;1.0;-0.0;-0.0;-0.0016;0.0;3.7676;0.999;1.001;1.001;0.999
242410#15016335;0x8c3276be2c9c3136ea9851905ca1707e812a3018;0x5777d92f208679db4b9778590fa3cab3ac9e2168;2032652.8717;2032795.2469;2032609.9713;242410;0;995389.694420773912623502;1037405.609792;0x6b175474e89094c44da98b954eedeac495271d0f;0xa0b86991c6218b36c1d19d4a2e9eb0ce3606eb48;1.0171887820347664e+21;497258.2866;519625.5625;1016698.5162;1656041878;1.0;1.0;1016883.8283;1016883.8283;1016883.8491;17.7202;21.4193;-146.1792;-185.3121;0.0208;1819372.0;-0.0002;-0.0002;-142.3751;-0.0001;-185.2756;-0.0001;-0.0032;0.5002;1.0;0.0;-0.0;-0.0016;-0.0001;39.1329;0.999;1.001;1.001;0.999
242430#15685457;0xe284fdc85d036e5d256bec3bd70bb285b7e70cc9;0x5777d92f208679db4b9778590fa3cab3ac9e2168;424.23;424.1342;424.1342;242430;0;226.439620481071634778;197.694556;0x6b175474e89094c44da98b954eedeac495271d0f;0xa0b86991c6218b36c1d19d4a2e9eb0ce3606eb48;7.712985335682359e+17;226.4396;197.6946;424.1342;1665015779;1.0;1.0;424.1342;424.1342;424.1342;0.0459;0.0499;0.0958;-0.0;-0.0;12007339.0;-0.0;-0.0;0.0958;0.0002;-0.0;-0.0;-0.0;1.0;1.0;-0.0;-0.0;-0.0;0.0002;0.0958;0.9995;1.0005;1.0006;0.9994
242703#14811265;0x440bc1d539d0dc1dab56fddf1e2dcc4393892917;0x5777d92f208679db4b9778590fa3cab3ac9e2168;222222.4193;222222.4187;222222.4188;242703;0;109135.522485003297559691;113086.896289;0x6b175474e89094c44da98b954eedeac495271d0f;0xa0b86991c6218b36c1d19d4a2e9eb0ce3606eb48;2.2228906715711508e+20;109135.5225;113086.8963;222222.4188;1653051587;1.0;1.0;222222.4187;222222.4187;222222.4188;0.0;0.0005;0.0006;0.0001;0.0001;414.0;0.0;0.0;0.0006;0.0;0.0001;0.0;0.0;1.0;1.0;0.0;0.0;0.0;0.0;0.0005;0.999;1.001;1.001;0.999
243136#14828303;0x5aa27fb521ae05a744334a2c0f1fe5e775505482;0x5777d92f208679db4b9778590fa3cab3ac9e2168;1045.8409;1045.8381;1045.838;243136;0;263.133168285633376993;782.704816;0x6b175474e89094c44da98b954eedeac495271d0f;0xa0b86991c6218b36c1d19d4a2e9eb0ce3606eb48;6.972880785321876e+18;263.1332;782.7048;1045.838;1653291516;1.0;1.0;1045.8381;1045.8381;1045.838;0.0017;0.0012;0.0028;-0.0001;-0.0001;156187.0;-0.0;-0.0;0.0028;0.0;-0.0001;-0.0;-0.0;1.0;1.0;-0.0;-0.0;-0.0;0.0;0.0029;0.9998;1.0002;1.0001;0.9999
243184#14855918;0x8a37e4dca5695d81113f317c1d502c156da3ff13;0x5777d92f208679db4b9778590fa3cab3ac9e2168;11646.0237;11648.2328;11645.9906;243184;0;5748.792092792138138507;5899.440649;0x6b175474e89094c44da98b954eedeac495271d0f;0xa0b86991c6218b36c1d19d4a2e9eb0ce3606eb48;5.827319529162829e+18;5748.7921;5899.4406;11645.9906;1653679155;1.0;1.0;11648.2328;11648.2328;11648.2327;0.0166;0.0165;-2.209;-2.2422;-0.0;537039.0;-0.0002;-0.0002;-2.209;-0.0002;-2.2422;-0.0002;-0.0113;1.0;1.0;0.0;0.0;-0.0113;-0.0002;0.0332;0.998;1.002;1.002;0.998
243319#15316297;0x31c4b69a6aca6078856bc0775c8ea92b00a36c6d;0x5777d92f208679db4b9778590fa3cab3ac9e2168;105425.5211;105389.3851;105389.4263;243319;0;35480.488974469395015675;69908.937367;0x6b175474e89094c44da98b954eedeac495271d0f;0xa0b86991c6218b36c1d19d4a2e9eb0ce3606eb48;4.216055797561899e+20;35480.489;69908.9374;105389.4263;1660160947;1.0;1.0;105389.3851;105389.3851;105389.4263;16.6557;19.4391;36.136;0.0412;0.0412;6985815.0;0.0;0.0;36.136;0.0003;0.0412;0.0;0.0;1.0;1.0;-0.0;-0.0;0.0;0.0003;36.0948;0.9997;1.0003;1.0002;0.9998
243426#14936596;0x96f5676d79fe3be5072c7cd2fffa154a18e8f3b5;0x5777d92f208679db4b9778590fa3cab3ac9e2168;2000.6546;2000.6217;2000.6214;243426;0;994.579562066823036751;1006.041815;0x6b175474e89094c44da98b954eedeac495271d0f;0xa0b86991c6218b36c1d19d4a2e9eb0ce3606eb48;2.0012215721494487e+18;994.5796;1006.0418;2000.6214;1654836761;1.0;1.0;2000.6217;2000.6217;2000.6214;0.0176;0.0156;0.0329;-0.0004;-0.0004;1629455.0;-0.0;-0.0;0.0329;0.0;-0.0004;-0.0;-0.0;1.0;1.0;-0.0;-0.0;-0.0;0.0;0.0333;0.999;1.001;1.001;0.999
244719#14936161;0x135358d6701b1c98ccfcf2ec45d9643ccea569fc;0x5777d92f208679db4b9778590fa3cab3ac9e2168;10806.825;10806.6548;10806.6537;244719;0;5086.881721977629371991;5719.771963;0x6b175474e89094c44da98b954eedeac495271d0f;0xa0b86991c6218b36c1d19d4a2e9eb0ce3606eb48;1.1378702078160191e+19;5086.8817;5719.772;10806.6537;1654830507;1.0;1.0;10806.6548;10806.6548;10806.6537;0.0895;0.0819;0.1702;-0.0012;-0.0012;1355174.0;-0.0;-0.0;0.1702;0.0;-0.0012;-0.0;-0.0;1.0;1.0;-0.0;-0.0;-0.0;0.0;0.1714;0.999;1.001;1.0009;0.9991
244931#15098789;0x3aafea8e51999a80d3ce76e27b7cabbe2a48258c;0x5777d92f208679db4b9778590fa3cab3ac9e2168;388.7782;388.7543;388.7543;244931;0;191.108038609098061162;197.646275;0x6b175474e89094c44da98b954eedeac495271d0f;0xa0b86991c6218b36c1d19d4a2e9eb0ce3606eb48;3.888709116867686e+17;191.108;197.6463;388.7543;1657241586;1.0;1.0;388.7543;388.7543;388.7543;0.0107;0.0132;0.0239;-0.0;-0.0;3712706.0;-0.0;-0.0;0.0239;0.0001;-0.0;-0.0;-0.0;1.0;1.0;-0.0;-0.0;-0.0;0.0001;0.0239;0.999;1.001;1.001;0.999
245517#14854040;0x832ccdceba445094236e1fe6086e3ceb2b3fd9a1;0x5777d92f208679db4b9778590fa3cab3ac9e2168;657.5713;657.5544;657.5711;245517;0;301.447240262896056762;356.123826;0x6b175474e89094c44da98b954eedeac495271d0f;0xa0b86991c6218b36c1d19d4a2e9eb0ce3606eb48;2.1921761676668234e+18;301.4472;356.1238;657.5711;1653652755;1.0;1.0;657.5711;657.5711;657.5711;0.0002;0.0001;0.0002;-0.0;-0.0;14444.0;-0.0;-0.0;0.0169;0.0;-0.0;-0.0;-0.0001;1.0;1.0;-0.0;-0.0;-0.0001;0.0;0.0003;0.9997;1.0003;1.0003;0.9997
245666#14858820;0x95b47fa438762af1856a2d7dd68ef80af90c4ea9;0x5777d92f208679db4b9778590fa3cab3ac9e2168;15205.5668;15205.5591;15205.56;245666;0;7379.176195341623751813;7826.383777;0x6b175474e89094c44da98b954eedeac495271d0f;0xa0b86991c6218b36c1d19d4a2e9eb0ce3606eb48;1.5210118066196253e+19;7379.1762;7826.3838;15205.56;1653720656;1.0;1.0;15205.5591;15205.5591;15205.56;0.0019;0.005;0.0078;0.0009;0.0009;48818.0;0.0;0.0;0.0078;0.0;0.0009;0.0;0.0;1.0;1.0;-0.0;-0.0;0.0;0.0;0.0069;0.999;1.001;1.001;0.999
246053#15963317;0xfe44f30a5d79316cc78f3aa892875b7922f94771;0x5777d92f208679db4b9778590fa3cab3ac9e2168;2338.498;2337.035;2337.0327;246053;0;1394.21521020259693788;942.817537;0x6b175474e89094c44da98b954eedeac495271d0f;0xa0b86991c6218b36c1d19d4a2e9eb0ce3606eb48;9.349208388970965e+18;1394.2152;942.8175;2337.0327;1668369167;1.0;1.0;2337.035;2337.035;2337.0327;0.7096;0.7556;1.4629;-0.0023;-0.0023;14619153.0;-0.0;-0.0;1.4629;0.0006;-0.0023;-0.0;-0.0;1.0;1.0;-0.0;-0.0;-0.0;0.0006;1.4652;0.9998;1.0002;1.0003;0.9997
246080#14866675;0x48c67834a54f28577fec6337ac7fb5a42d06d7a7;0x5777d92f208679db4b9778590fa3cab3ac9e2168;9.3013;9.3013;9.3013;246080;0;4.307663587310210119;4.993667;0x6b175474e89094c44da98b954eedeac495271d0f;0xa0b86991c6218b36c1d19d4a2e9eb0ce3606eb48;8861181943965367.0;4.3077;4.9937;9.3013;1653830516;1.0;1.0;9.3013;9.3013;9.3013;0.0;0.0;0.0;-0.0;-0.0;75742.0;-0.0;-0.0;0.0;0.0;-0.0;-0.0;-0.0;1.0;1.0;-0.0;-0.0;-0.0;0.0;0.0;0.9989;1.0011;1.001;0.999
247965#16846646;0xe4cde93c6c614e896eec9b327e785c041731a9b0;0x5777d92f208679db4b9778590fa3cab3ac9e2168;4246.5216;4238.3754;4238.7917;247965;0;1336.876073590909039511;2901.915676;0x6b175474e89094c44da98b954eedeac495271d0f;0xa0b86991c6218b36c1d19d4a2e9eb0ce3606eb48;2.11959233431067e+19;1336.8761;2901.9157;4238.7917;1679045327;1.0;1.0;4238.7642;4238.7642;4238.7917;3.7713;3.9586;7.7575;0.0276;0.0276;24870244.0;0.0;0.0;8.1463;0.0019;0.0276;0.0;0.0;1.0;1.0;-0.0;-0.0;0.0;0.0018;7.7299;0.9998;1.0002;1.0002;0.9998
249246#14954962;0x852e40ff28f0df7518fcc5b585a0fbd52f653f01;0x5777d92f208679db4b9778590fa3cab3ac9e2168;82547.5222;82516.439;82546.3012;249246;0;30083.424200680870660676;52433.071229;0x6b175474e89094c44da98b954eedeac495271d0f;0xa0b86991c6218b36c1d19d4a2e9eb0ce3606eb48;1.6506253480351777e+20;30083.4242;52433.0712;82546.3012;1655108209;1.0;1.0;82516.439;82516.439;82516.4954;0.5016;0.7189;31.0833;29.8623;0.0565;659579.0;0.0004;0.0004;31.0833;0.0004;29.8623;0.0004;0.0175;1.0;1.0;-0.0;-0.0;0.0175;0.0004;1.221;0.9994;1.0006;1.0004;0.9996
250626#15175986;0x0620848c8153b22df412432fff25eee3b9b9fb2b;0x5777d92f208679db4b9778590fa3cab3ac9e2168;7958.8515;7958.7229;7958.6307;250626;0;3929.664171506971004396;4028.966513;0x6b175474e89094c44da98b954eedeac495271d0f;0xa0b86991c6218b36c1d19d4a2e9eb0ce3606eb48;3.981503918988188e+18;3929.6642;4028.9665;7958.6307;1658272598;1.0;1.0;7958.63;7958.63;7958.6307;0.0958;0.125;0.2215;0.0007;0.0007;3577371.0;0.0;0.0;0.1286;0.0;0.0007;0.0;0.0;1.0;1.0;-0.0;-0.0;0.0;0.0;0.2208;0.998;1.002;1.002;0.998
250788#14936301;0xf59013763666a6c7a1cfda6a5b3d716308029b05;0x5777d92f208679db4b9778590fa3cab3ac9e2168;29834.1444;29834.1309;29834.1309;250788;0;14832.193233651157559321;15001.937675;0x6b175474e89094c44da98b954eedeac495271d0f;0xa0b86991c6218b36c1d19d4a2e9eb0ce3606eb48;2.984308127941077e+19;14832.1932;15001.9377;29834.1309;1654832349;1.0;1.0;29834.1309;29834.1309;29834.1309;0.0066;0.0069;0.0135;0.0;0.0;84712.0;0.0;0.0;0.0135;0.0;0.0;0.0;0.0;1.0;1.0;0.0;0.0;0.0;0.0;0.0135;0.999;1.001;1.001;0.999
251933#14979913;0x4aff3b678a4116b5cc02076954fdd685d468bce9;0x5777d92f208679db4b9778590fa3cab3ac9e2168;29.846;29.8457;29.8456;251933;0;14.705754786056287545;15.139895;0x6b175474e89094c44da98b954eedeac495271d0f;0xa0b86991c6218b36c1d19d4a2e9eb0ce3606eb48;1.4931032274855978e+16;14.7058;15.1399;29.8456;1655479654;1.0;1.0;29.8456;29.8456;29.8456;0.0001;0.0002;0.0003;0.0;0.0;546360.0;0.0;0.0;0.0003;0.0;0.0;0.0;0.0;1.0;1.0;-0.0;-0.0;0.0;0.0;0.0003;0.998;1.002;1.002;0.998
252052#14999459;0x35df9413f56332e389b41be14c98e63500be0bc6;0x5777d92f208679db4b9778590fa3cab3ac9e2168;1978.8464;1978.7905;1978.7908;252052;0;962.284671594597017918;1016.506174;0x6b175474e89094c44da98b954eedeac495271d0f;0xa0b86991c6218b36c1d19d4a2e9eb0ce3606eb48;1.9793840800125665e+18;962.2847;1016.5062;1978.7908;1655770446;1.0;1.0;1978.7905;1978.7905;1978.7908;0.0243;0.0312;0.0559;0.0004;0.0004;825775.0;0.0;0.0;0.0559;0.0;0.0004;0.0;0.0;1.0;1.0;-0.0;-0.0;0.0;0.0;0.0555;0.999;1.001;1.001;0.999
252092#15084622;0xf662f831361c8ab48d807f7753eb3d641be25d24;0x5777d92f208679db4b9778590fa3cab3ac9e2168;54385.9007;54361.6569;54361.6967;252092;0;22052.281238984018748925;32309.415501;0x6b175474e89094c44da98b954eedeac495271d0f;0xa0b86991c6218b36c1d19d4a2e9eb0ce3606eb48;5.436571189042543e+20;22052.2812;32309.4155;54361.6967;1657051529;1.0;1.0;54361.6569;54361.6569;54361.6967;10.1523;14.0516;24.2438;0.0399;0.0399;2102083.0;0.0;0.0;24.2438;0.0004;0.0399;0.0;0.0;1.0;1.0;-0.0;-0.0;0.0;0.0004;24.2039;0.9999;1.0001;1.0001;0.9999
252107#15210352;0xd0333898968be49230836716014d317dde95b5a6;0x5777d92f208679db4b9778590fa3cab3ac9e2168;1000.0;1000.0;1000.0;252107;0;0;999.999999;0x6b175474e89094c44da98b954eedeac495271d0f;0xa0b86991c6218b36c1d19d4a2e9eb0ce3606eb48;2.252416712096726e+17;0.0;1000.0;1000.0;1658734468;1.0;1.0;1000.0;1000.0;1000.0;0.0;0.0;-0.0;-0.0;-0.0;3782649.0;-0.0;-0.0;-0.0;-0.0;-0.0;-0.0;-0.0;1.0;1.0;0.0;0.0;-0.0;-0.0;0.0;0.991;1.009;0.9999;1.0001
253003#15535995;0x41a06270b89923544db1708329221624890cd32e;0x5777d92f208679db4b9778590fa3cab3ac9e2168;7100.4725;7099.0597;7099.0586;253003;0;3055.6050495213901676;4043.453581;0x6b175474e89094c44da98b954eedeac495271d0f;0xa0b86991c6218b36c1d19d4a2e9eb0ce3606eb48;1.5778267060701016e+19;3055.605;4043.4536;7099.0586;1663203148;1.0;1.0;7099.0597;7099.0597;7099.0586;0.0;0.0;-0.001;-0.001;-0.001;8128466.0;-0.0;-0.0;1.4129;0.0002;-0.001;-0.0;-0.0;1.0;1.0;-0.0;-0.0;-0.0;-0.0;0.0;0.9995;1.0005;1.0004;0.9996
253129#14973982;0xd2c498edfe25bbeb92e07bb357c9ceb99a732dae;0x5777d92f208679db4b9778590fa3cab3ac9e2168;2031.0864;2031.0698;2031.07;253129;0;994.857224691704894576;1036.212762;0x6b175474e89094c44da98b954eedeac495271d0f;0xa0b86991c6218b36c1d19d4a2e9eb0ce3606eb48;1.016093383904591e+18;994.8572;1036.2128;2031.07;1655392232;1.0;1.0;2031.0698;2031.0698;2031.07;0.0066;0.0098;0.0166;0.0002;0.0002;296858.0;0.0;0.0;0.0166;0.0;0.0002;0.0;0.0;1.0;1.0;-0.0;-0.0;0.0;0.0;0.0164;0.998;1.002;1.002;0.998
253464#14968908;0xa402ce98e1b9cc98a0a9a3011785d17176e85495;0x5777d92f208679db4b9778590fa3cab3ac9e2168;188117.1726;188121.4904;188115.2185;253464;0;85727.20201907321928876;102388.016526;0x6b175474e89094c44da98b954eedeac495271d0f;0xa0b86991c6218b36c1d19d4a2e9eb0ce3606eb48;1.7921334839476974e+20;85727.202;102388.0165;188115.2185;1655317165;1.0;1.0;188115.2305;188115.2305;188115.2185;0.7357;1.2184;1.9421;-0.012;-0.012;171409.0;-0.0;-0.0;-4.3178;-0.0;-0.012;-0.0;-0.0;1.0;1.0;-0.0;-0.0;-0.0;0.0;1.9541;0.9989;1.0011;1.001;0.999
254266#15053495;0x3dc606ce9cca12196917a3267a8ae7008e018958;0x5777d92f208679db4b9778590fa3cab3ac9e2168;1149932.7375;1149901.62;1149901.0423;254266;0;563051.826607369489595153;586849.215735;0x6b175474e89094c44da98b954eedeac495271d0f;0xa0b86991c6218b36c1d19d4a2e9eb0ce3606eb48;1.1502458810791728e+21;563051.8266;586849.2157;1149901.0423;1656637072;1.0;1.0;1149901.62;1149901.62;1149901.0423;14.2908;17.4044;31.1175;-0.5777;-0.5777;1367178.0;-0.0;-0.0;31.1175;0.0;-0.5777;-0.0;-0.0;1.0;1.0;-0.0;-0.0;-0.0;0.0;31.6952;0.999;1.001;1.001;0.999
254712#15003169;0x9c3c6cf9d29ab9e9e14503dbfc9ad8bb2a0e37ef;0x5777d92f208679db4b9778590fa3cab3ac9e2168;181979.3002;181977.1393;181977.0863;254712;0;88635.758214376236182479;93341.328132;0x6b175474e89094c44da98b954eedeac495271d0f;0xa0b86991c6218b36c1d19d4a2e9eb0ce3606eb48;1.8203164647411663e+20;88635.7582;93341.3281;181977.0863;1655828733;1.0;1.0;181977.1393;181977.1393;181977.0863;1.1823;1.0316;2.161;-0.0529;-0.0529;499054.0;-0.0;-0.0;2.161;0.0;-0.0529;-0.0;-0.0;1.0;1.0;-0.0;-0.0;-0.0;0.0;2.2139;0.999;1.001;1.001;0.999
254741#15174656;0x9c3c6cf9d29ab9e9e14503dbfc9ad8bb2a0e37ef;0x5777d92f208679db4b9778590fa3cab3ac9e2168;271133.0043;271067.3481;271115.9612;254741;0;52842.285979573386026411;218224.593275;0x6b175474e89094c44da98b954eedeac495271d0f;0xa0b86991c6218b36c1d19d4a2e9eb0ce3606eb48;6.024889585030384e+20;52842.286;218224.5933;271115.9612;1658254856;1.0;1.0;271066.9448;271066.9448;271066.8793;7.4819;9.5543;66.0596;49.0165;-0.0655;2584375.915;0.0002;0.0002;65.6563;0.0002;49.0165;0.0002;0.0022;1.0;1.0;-0.0;-0.0;0.0022;0.0002;17.0431;0.9993;1.0007;1.0002;0.9998
254781#15004207;0x1d0db384a43c711517320f5f41c682765a821cc8;0x5777d92f208679db4b9778590fa3cab3ac9e2168;13690.3206;13689.9566;13689.9482;254781;0;7206.882900210015213628;6483.065336;0x6b175474e89094c44da98b954eedeac495271d0f;0xa0b86991c6218b36c1d19d4a2e9eb0ce3606eb48;3.042708366540677e+19;7206.8829;6483.0653;13689.9482;1655845391;1.0;1.0;13689.9566;13689.9566;13689.9482;0.1982;0.1742;0.364;-0.0084;-0.0084;507532.0;-0.0;-0.0;0.364;0.0;-0.0084;-0.0;-0.0;1.0;1.0;-0.0;-0.0;-0.0;0.0;0.3724;0.9996;1.0004;1.0005;0.9995
255456#15001060;0x06c5fa3c28aea77b280bf84fbf1beb4d04b1e034;0x5777d92f208679db4b9778590fa3cab3ac9e2168;1186.7688;1186.7588;1186.758;255456;0;577.352251996085448048;609.405729;0x6b175474e89094c44da98b954eedeac495271d0f;0xa0b86991c6218b36c1d19d4a2e9eb0ce3606eb48;1.1871137739904384e+18;577.3523;609.4057;1186.758;1655795663;1.0;1.0;1186.7582;1186.7582;1186.758;0.0058;0.005;0.0105;-0.0003;-0.0003;366937.0;-0.0;-0.0;0.01;0.0;-0.0003;-0.0;-0.0;1.0;1.0;-0.0;-0.0;-0.0;0.0;0.0108;0.999;1.001;1.001;0.999
256240#14991865;0xac89a53c033d5146da003ee21ac8fadb5ac34db3;0x5777d92f208679db4b9778590fa3cab3ac9e2168;661453.7893;661452.134;661452.1433;256240;0;336139.525474991946187626;325312.617832;0x6b175474e89094c44da98b954eedeac495271d0f;0xa0b86991c6218b36c1d19d4a2e9eb0ce3606eb48;6.301515241548726e+20;336139.5255;325312.6178;661452.1433;1655658289;1.0;1.0;661452.134;661452.134;661452.1433;0.819;0.827;1.6553;0.0093;0.0093;106529.0;0.0;0.0;1.6553;0.0;0.0093;0.0;0.0;1.0;1.0;-0.0;-0.0;0.0;0.0;1.646;0.999;1.001;1.0011;0.9989
257757#15147832;0xf96c747697f89e20ebe01034612542e36239526d;0x5777d92f208679db4b9778590fa3cab3ac9e2168;18892.8364;18892.2631;18892.2601;257757;0;9367.055517932694943538;9525.206671;0x6b175474e89094c44da98b954eedeac495271d0f;0xa0b86991c6218b36c1d19d4a2e9eb0ce3606eb48;1.6067255317946307e+18;1580.3932;1631.2917;3211.6848;1657895779;1.0;1.0;3211.6847;3211.6847;3211.6848;0.0952;0.1351;0.2304;0.0001;0.0001;2156738.0;0.0;0.0;0.5733;0.0;-0.003;-0.0;0.0;0.17;1.0;0.0;-0.0;-0.0;0.0001;0.2303;0.998;1.002;1.002;0.998
257757#15147856;0xf96c747697f89e20ebe01034612542e36239526d;0x5777d92f208679db4b9778590fa3cab3ac9e2168;18892.8364;18892.2631;18892.2601;257757;0;9367.055517932694943538;9525.206671;0x6b175474e89094c44da98b954eedeac495271d0f;0xa0b86991c6218b36c1d19d4a2e9eb0ce3606eb48;9.413521350985012e+17;925.946;955.7235;1881.6695;1657896116;1.0;1.0;1881.6694;1881.6694;1881.6695;0.0;0.0;0.0001;0.0001;0.0001;2157075.0;0.0;0.0;0.5733;0.0;-0.003;-0.0;0.0;0.0996;1.0;-0.0;-0.0;-0.0;0.0;0.0;0.998;1.002;1.002;0.998
257757#15154041;0xf96c747697f89e20ebe01034612542e36239526d;0x5777d92f208679db4b9778590fa3cab3ac9e2168;18892.8364;18892.2631;18892.2601;257757;0;9367.055517932694943538;9525.206671;0x6b175474e89094c44da98b954eedeac495271d0f;0xa0b86991c6218b36c1d19d4a2e9eb0ce3606eb48;6.212924091650108e+17;611.2895;630.6124;1241.9018;1657978473;1.0;1.0;1241.9018;1241.9018;1241.9018;0.0008;0.0006;0.0014;0.0;0.0;2239432.0;0.0;0.0;0.5733;0.0;-0.003;-0.0;0.0;0.0657;1.0;-0.0;-0.0;-0.0;0.0;0.0013;0.998;1.002;1.002;0.998
257757#15590948;0xf96c747697f89e20ebe01034612542e36239526d;0x5777d92f208679db4b9778590fa3cab3ac9e2168;18892.8364;18892.2631;18892.2601;257757;0;9367.055517932694943538;9525.206671;0x6b175474e89094c44da98b954eedeac495271d0f;0xa0b86991c6218b36c1d19d4a2e9eb0ce3606eb48;9.422934872335997e+17;934.7087;948.8422;1883.5488;1663874639;1.0;1.0;1883.5511;1883.5511;1883.5509;0.1399;0.1322;0.2698;-0.0023;-0.0001;8135598.0;-0.0;-0.0;0.5733;0.0;-0.003;-0.0;-0.0;0.0997;1.0;-0.0;-0.0;-0.0;0.0001;0.2721;0.998;1.002;1.002;0.998
257757#15590968;0xf96c747697f89e20ebe01034612542e36239526d;0x5777d92f208679db4b9778590fa3cab3ac9e2168;18892.8364;18892.2631;18892.2601;257757;0;9367.055517932694943538;9525.206671;0x6b175474e89094c44da98b954eedeac495271d0f;0xa0b86991c6218b36c1d19d4a2e9eb0ce3606eb48;2.029071975843018e+18;2012.7394;2043.1736;4055.913;1663874879;1.0;1.0;4055.9133;4055.9133;4055.913;0.0;0.0;-0.0003;-0.0003;-0.0003;8135838.0;-0.0;-0.0;0.5733;0.0;-0.003;-0.0;-0.0;0.2147;1.0;-0.0;-0.0;-0.0;-0.0;0.0;0.998;1.002;1.002;0.998
257757#15852586;0xf96c747697f89e20ebe01034612542e36239526d;0x5777d92f208679db4b9778590fa3cab3ac9e2168;18892.8364;18892.2631;18892.2601;257757;0;9367.055517932694943538;9525.206671;0x6b175474e89094c44da98b954eedeac495271d0f;0xa0b86991c6218b36c1d19d4a2e9eb0ce3606eb48;3.3105911184807137e+18;3301.9788;3315.5633;6617.5421;1667032859;1.0;1.0;6617.5428;6617.5428;6617.5421;0.0372;0.0354;0.0719;-0.0007;-0.0007;11293818.0;-0.0;-0.0;0.5733;0.0;-0.003;-0.0;-0.0;0.3503;1.0;-0.0;-0.0;-0.0;0.0;0.0726;0.998;1.002;1.002;0.998
258217#15308406;0x8a5a13999d8d7c58a19038920f1957d654b03e89;0x5777d92f208679db4b9778590fa3cab3ac9e2168;413.2286;413.2122;413.2122;258217;0;188.765751484508522046;224.446459;0x6b175474e89094c44da98b954eedeac495271d0f;0xa0b86991c6218b36c1d19d4a2e9eb0ce3606eb48;4.3508539979619936e+17;188.7658;224.4465;413.2122;1660053665;1.0;1.0;413.2122;413.2122;413.2122;0.0073;0.009;0.0164;0.0;0.0;4240381.0;0.0;0.0;0.0164;0.0;0.0;0.0;0.0;1.0;1.0;-0.0;-0.0;0.0;0.0;0.0163;0.999;1.001;1.0009;0.9991
258444#15018137;0x6f9b03737765ac4ea5079ea4c30edd8a7bd817a6;0x5777d92f208679db4b9778590fa3cab3ac9e2168;2386.523;2386.499;2386.4988;258444;0;693.460315644596854131;1693.038503;0x6b175474e89094c44da98b954eedeac495271d0f;0xa0b86991c6218b36c1d19d4a2e9eb0ce3606eb48;3.672402401000296e+18;693.4603;1693.0385;2386.4988;1656071481;1.0;1.0;2386.499;2386.499;2386.4988;0.0066;0.0175;0.024;-0.0002;-0.0002;206359.0;-0.0;-0.0;0.024;0.0;-0.0002;-0.0;-0.0;1.0;1.0;-0.0;-0.0;-0.0;0.0;0.0242;0.9991;1.0009;1.0004;0.9996
258819#15012739;0x08ceea0634f4d04dd6102d1917d0a42b9dfeb634;0x5777d92f208679db4b9778590fa3cab3ac9e2168;1970.5694;1970.5668;1970.5668;258819;0;960.704885547590246485;1009.861955;0x6b175474e89094c44da98b954eedeac495271d0f;0xa0b86991c6218b36c1d19d4a2e9eb0ce3606eb48;1.9711576788252436e+18;960.7049;1009.862;1970.5668;1655983906;1.0;1.0;1970.5668;1970.5668;1970.5668;0.0004;0.0021;0.0025;-0.0;-0.0;52342.0;-0.0;-0.0;0.0025;0.0;-0.0;-0.0;-0.0;1.0;1.0;-0.0;-0.0;-0.0;0.0;0.0025;0.999;1.001;1.001;0.999
259061#15017087;0xbe7ece478935839589aebd6011a0f644207f8ed7;0x5777d92f208679db4b9778590fa3cab3ac9e2168;748.2908;748.283;748.283;259061;0;480.69382064628080272;267.589146;0x6b175474e89094c44da98b954eedeac495271d0f;0xa0b86991c6218b36c1d19d4a2e9eb0ce3606eb48;1.663142228655154e+18;480.6938;267.5891;748.283;1656054335;1.0;1.0;748.283;748.283;748.283;0.0021;0.0057;0.0077;-0.0001;-0.0001;78316.0;-0.0;-0.0;0.0077;0.0;-0.0001;-0.0;-0.0;1.0;1.0;-0.0;-0.0;-0.0;0.0;0.0078;0.9997;1.0003;1.0006;0.9994
259597#15081954;0x9581dd103b1f621771e843787dd8d250fb6bbd10;0x5777d92f208679db4b9778590fa3cab3ac9e2168;391214.0424;391211.2383;391211.2312;259597;0;191568.260350039740705312;199642.970851;0x6b175474e89094c44da98b954eedeac495271d0f;0xa0b86991c6218b36c1d19d4a2e9eb0ce3606eb48;3.913285500574439e+20;191568.2604;199642.9709;391211.2312;1657017084;1.0;1.0;391211.2383;391211.2383;391211.2312;1.2363;1.5749;2.8041;-0.0071;-0.0071;881108.9774;-0.0;-0.0;2.8041;0.0;-0.0071;-0.0;-0.0;1.0;1.0;0.0;0.0;-0.0;0.0;2.8112;0.999;1.001;1.001;0.999
259601#15033666;0x9581dd103b1f621771e843787dd8d250fb6bbd10;0x5777d92f208679db4b9778590fa3cab3ac9e2168;97802.8517;97802.7155;97802.7141;259601;0;47864.771654978905714711;49937.942403;0x6b175474e89094c44da98b954eedeac495271d0f;0xa0b86991c6218b36c1d19d4a2e9eb0ce3606eb48;9.783204310259086e+19;47864.7717;49937.9424;97802.7141;1656321934;1.0;1.0;97802.7155;97802.7155;97802.7141;0.0713;0.0663;0.1362;-0.0015;-0.0015;247777.0;-0.0;-0.0;0.1362;0.0;-0.0015;-0.0;-0.0;1.0;1.0;0.0;0.0;-0.0;0.0;0.1376;0.999;1.001;1.001;0.999
259876#15043039;0x3f014e481bab62cc09e4375f85e115b4cb92d3d0;0x5777d92f208679db4b9778590fa3cab3ac9e2168;202.7645;202.7641;202.7641;259876;0;99.668775961826327756;103.095358;0x6b175474e89094c44da98b954eedeac495271d0f;0xa0b86991c6218b36c1d19d4a2e9eb0ce3606eb48;2.0282494852388013e+17;99.6688;103.0954;202.7641;1656473808;1.0;1.0;202.7641;202.7641;202.7641;0.0002;0.0001;0.0003;-0.0;-0.0;343515.0;-0.0;-0.0;0.0003;0.0;-0.0;-0.0;-0.0;1.0;1.0;-0.0;-0.0;-0.0;0.0;0.0003;0.999;1.001;1.001;0.999
260101#15115780;0xe1c8ea3a391e5e7765fdc2756801c13918dbe61f;0x5777d92f208679db4b9778590fa3cab3ac9e2168;2164.5568;2164.2163;2164.4823;260101;0;1007.124440788164698336;1157.357856;0x6b175474e89094c44da98b954eedeac495271d0f;0xa0b86991c6218b36c1d19d4a2e9eb0ce3606eb48;7.215839596870748e+18;1007.1244;1157.3579;2164.4823;1657467790;1.0;1.0;2164.4825;2164.4825;2164.4823;0.0345;0.04;0.0743;-0.0002;-0.0002;1291263.0;-0.0;-0.0;0.3405;0.0002;-0.0002;-0.0;-0.0;1.0;1.0;-0.0;-0.0;-0.0;0.0;0.0745;0.9997;1.0003;1.0003;0.9997
260397#15029427;0x4090a3028d44c7875129a056035ad83854c1f7de;0x5777d92f208679db4b9778590fa3cab3ac9e2168;596.9805;596.9804;596.9804;260397;0;292.286221206366187931;304.694197;0x6b175474e89094c44da98b954eedeac495271d0f;0xa0b86991c6218b36c1d19d4a2e9eb0ce3606eb48;5.971594440098908e+17;292.2862;304.6942;596.9804;1656253649;1.0;1.0;596.9804;596.9804;596.9804;0.0001;0.0;0.0001;-0.0;-0.0;11705.0;-0.0;-0.0;0.0001;0.0;-0.0;-0.0;-0.0;1.0;1.0;0.0;0.0;-0.0;0.0;0.0001;0.999;1.001;1.001;0.999
260514#15034611;0xa7425390da07c70bc3b23389fb6beb6062ffa340;0x5777d92f208679db4b9778590fa3cab3ac9e2168;338.7614;338.7614;338.7614;260514;0;173.654026825907971121;165.107325;0x6b175474e89094c44da98b954eedeac495271d0f;0xa0b86991c6218b36c1d19d4a2e9eb0ce3606eb48;2.9467465731748915e+17;173.654;165.1073;338.7614;1656337005;1.0;1.0;338.7614;338.7614;338.7614;0.0;0.0;0.0;0.0;0.0;59744.0;0.0;0.0;0.0;0.0;0.0;0.0;0.0;1.0;1.0;0.0;0.0;0.0;0.0;0.0;0.9989;1.0011;1.0012;0.9988
260813#15041978;0x07ccf7447188b44da874f3a87773989628d3081e;0x5777d92f208679db4b9778590fa3cab3ac9e2168;1739.8229;1739.8206;1739.8206;260813;0;661.689114354376726349;1078.131462;0x6b175474e89094c44da98b954eedeac495271d0f;0xa0b86991c6218b36c1d19d4a2e9eb0ce3606eb48;3.480265728318504e+18;661.6891;1078.1315;1739.8206;1656456016;1.0;1.0;1739.8206;1739.8206;1739.8206;0.0013;0.0011;0.0023;-0.0;-0.0;106256.0;-0.0;-0.0;0.0023;0.0;-0.0;-0.0;-0.0;1.0;1.0;0.0;0.0;-0.0;0.0;0.0023;0.9994;1.0006;1.0004;0.9996
261430#15101903;0xd9fde117752e4b5f6f965adc2dc527eb09bbff1e;0x5777d92f208679db4b9778590fa3cab3ac9e2168;293.9395;293.9345;293.9345;261430;0;124.444626910023377343;169.489876;0x6b175474e89094c44da98b954eedeac495271d0f;0xa0b86991c6218b36c1d19d4a2e9eb0ce3606eb48;6.532945753049696e+17;124.4446;169.4899;293.9345;1657283240;1.0;1.0;293.9345;293.9345;293.9345;0.0022;0.0028;0.005;0.0;0.0;775248.0;0.0;0.0;0.005;0.0;0.0;0.0;0.0;1.0;1.0;-0.0;-0.0;0.0;0.0;0.005;0.9995;1.0005;1.0004;0.9996
261566#15076140;0x88b3d17b78f6c8e8407699f8f8fedc658a67543f;0x5777d92f208679db4b9778590fa3cab3ac9e2168;20221.6163;20215.7869;20221.302;261566;0;8985.995471227064108128;11235.306487;0x6b175474e89094c44da98b954eedeac495271d0f;0xa0b86991c6218b36c1d19d4a2e9eb0ce3606eb48;1.0111654302860111e+20;8985.9955;11235.3065;20221.302;1656939055;1.0;1.0;20221.2961;20221.2961;20221.302;0.144;0.1704;0.3203;0.0059;0.0059;390734.0;0.0;0.0;5.8295;0.0003;0.0059;0.0;0.0;1.0;1.0;-0.0;-0.0;0.0;0.0;0.3144;0.9998;1.0002;1.0002;0.9998
261845#16666873;0x4defa30195094963cfac7285d8d6e6e523c7f90d;0x5777d92f208679db4b9778590fa3cab3ac9e2168;21.2203;21.21;21.2203;261845;0;11.248279359374552754;9.972025;0x6b175474e89094c44da98b954eedeac495271d0f;0xa0b86991c6218b36c1d19d4a2e9eb0ce3606eb48;3220686226852915.0;11.2483;9.972;21.2203;1676861135;1.0;1.0;21.2203;21.2203;21.2203;0.0;0.0;-0.0;-0.0;-0.0;20250024.0;-0.0;-0.0;0.0103;0.0005;-0.0;-0.0;-0.0;1.0;1.0;-0.0;-0.0;-0.0;-0.0;0.0;0.9938;1.0062;1.007;0.993
262471#16801473;0xd32289734c4fe38e61a8760ec0297a475d7e4a6a;0x5777d92f208679db4b9778590fa3cab3ac9e2168;18819.5717;18798.3549;18798.3563;262471;0;8363.765588116436726208;10434.590723;0x6b175474e89094c44da98b954eedeac495271d0f;0xa0b86991c6218b36c1d19d4a2e9eb0ce3606eb48;9.400111001707443e+19;8363.7656;10434.5907;18798.3563;1678496807;1.0;1.0;18798.3549;18798.3549;18798.3563;10.6274;10.588;21.2168;0.0014;0.0014;21755456.0;0.0;0.0;21.2168;0.0011;0.0014;0.0;0.0;1.0;1.0;-0.0;-0.0;0.0;0.0011;21.2154;0.9998;1.0002;1.0002;0.9998
